Vessel_11	310310	9	15	13	3	258.54375	-67.9171	41.8385	1	nan	50	8	3.2	13.32	0.57	2018
Vessel_11	310310	9	15	16	35	258.6909722222	-67.9178	41.8424	1	nan	52	8	2.925	12.74	0.75	2018
Vessel_11	310310	9	18	13	59	261.5826388889	-67.7393	41.9851	1	nan	60	4	1.1	9.23	0.19	2018
Vessel_11	310310	10	9	13	29	282.5618055556	-72.1026	39.8353	1	nan	95	6	2.75	12.83	0.03	2018
Vessel_11	310310	10	20	13	1	293.5423611111	-72.237	39.7952	1	nan	93	6	1.95	12.88	0.23	2018
Vessel_11	310310	10	20	17	7	293.7131944444	-72.2786	39.7717	1	nan	94	5	3.35	12.8	0.19	2018
Vessel_11	310310	10	20	22	21	293.93125	-72.2511	39.7955	1	nan	91	5	4.625	12.94	0.27	2018
Vessel_11	310310	12	20	6	10	354.2569444444	-71.1818	40.8155	1	nan	60	4	3.75	10.14	0.05	2018
Vessel_11	310310	2	3	13	11	34.5493055556	-72.3365	39.5403	1	nan	166	22	0.65	12.81	0.15	2019
Vessel_11	310310	2	7	7	50	38.3263888889	-72.7394	39.0818	1	nan	151	25	3.575	13.22	0.08	2019
Vessel_11	310310	2	7	12	39	38.5270833333	-72.7897	39.0407	1	nan	154	23	0.425	12.54	0.13	2019
Vessel_11	310310	2	7	17	53	38.7451388889	-72.8677	38.9427	1	nan	175	24	1.35	13.01	0.18	2019
Vessel_11	310310	2	15	12	32	46.5222222222	-71.653	39.9178	1	nan	155	21	2.95	13.19	0.03	2019
Vessel_11	310310	2	15	13	52	46.5777777778	-71.7823	39.9129	1	nan	138	4	0.525	13.08	0.02	2019
Vessel_11	310310	2	20	17	6	51.7125	-71.7868	39.9856	1	nan	99	11	2.55	12.61	0.22	2019
Vessel_11	310310	3	7	5	55	66.2465277778	-72.3515	39.4024	1	nan	147	21	3.6	13.33	0.09	2019
Vessel_11	310310	3	15	18	5	74.7534722222	-69.7917	42.0791	1	nan	183	24	0.8	6.6	0.07	2019
Vessel_11	310310	3	15	21	59	74.9159722222	-69.7616	42.0219	1	nan	169	10	2.75	6.81	0.06	2019
Vessel_11	310310	3	17	5	24	76.225	-69.7815	42.2196	1	nan	212	33	7.05	7.53	0.31	2019
Vessel_11	310310	3	20	23	16	79.9694444444	-69.7678	42.205	1	nan	219	32	3.6	7.6	0.23	2019
Vessel_11	310310	3	26	5	13	85.2173611111	-71.2442	40.1576	1	nan	114	5	2.95	12.89	0.07	2019
Vessel_11	310310	3	26	6	2	85.2513888889	-71.2852	40.117	1	nan	47	4	0.1	8.3	0.7	2019
Vessel_11	310310	3	26	15	14	85.6347222222	-71.4478	39.9311	1	nan	223	10	4.75	11.29	0.47	2019
Vessel_11	310310	3	27	0	48	86.0333333333	-71.5134	40.7426	1	nan	64	2	0.7	6.6	0.05	2019
Vessel_11	310310	3	28	0	29	87.0201388889	-71.1659	40.2227	1	nan	114	3	0.95	12.83	0.04	2019
Vessel_11	310310	3	28	3	34	87.1486111111	-71.237	40.1602	1	nan	115	12	2.475	12.99	0.18	2019
Vessel_11	310310	3	31	4	54	90.2041666667	-70.5838	40.2965	1	nan	108	6	1.65	10.11	0.22	2019
Vessel_11	310310	4	23	11	21	113.4729166667	-71.8389	40.0205	1	nan	91	5	2.95	7.22	0.41	2019
Vessel_11	310310	4	23	19	40	113.8194444444	-71.9233	39.9292	1	nan	106	15	1.675	9.28	0.92	2019
Vessel_11	310310	4	30	7	50	120.3263888889	-70.7595	40.3172	1	nan	115	8	1.225	10.58	0.2	2019
Vessel_11	310310	5	2	22	19	122.9298611111	-72.8278	39.268	1	nan	83	3	1.425	10.19	0.11	2019
Vessel_11	310310	6	7	8	58	158.3736111111	-67.6599	41.821	1	nan	38	6	1.075	9.67	0.12	2019
Vessel_11	310310	6	9	4	12	160.175	-67.6757	41.8159	1	nan	37	6	3.825	10.02	0.04	2019
Vessel_11	310310	6	15	3	40	166.1527777778	-67.4574	41.8506	1	nan	51	8	1.25	10.65	0.04	2019
Vessel_11	310310	6	16	0	23	167.0159722222	-67.4831	41.8711	1	nan	50	8	1.425	10.28	0.04	2019
Vessel_11	310310	6	16	3	9	167.13125	-67.4631	41.8586	1	nan	51	8	1.7	10.3	0.08	2019
Vessel_11	310310	6	16	15	29	167.6451388889	-67.4772	41.8671	1	nan	51	8	1.925	10.37	0.03	2019
Vessel_11	310310	6	18	5	14	169.2180555556	-67.4577	41.8557	1	nan	50	8	1.525	10.57	0.03	2019
Vessel_11	310310	6	22	15	29	173.6451388889	-70.2538	41.2339	1	nan	21	3	1.85	13.76	0.51	2019
Vessel_11	310310	7	1	0	52	182.0361111111	-70.1682	41.1687	1	nan	23	4	2.85	13.86	0.5	2019
Vessel_11	310310	7	1	18	53	182.7868055556	-70.1722	41.1554	1	nan	23	1	0.45	14.1	0.08	2019
Vessel_11	310310	7	2	14	41	183.6118055556	-70.1871	41.1601	1	nan	23	4	0.7	14.21	0.05	2019
Vessel_11	310310	7	3	0	53	184.0368055556	-70.2705	41.2094	1	nan	25	3	2.075	13.46	0.27	2019
Vessel_11	310310	7	9	21	4	190.8777777778	-70.2088	41.1422	1	nan	26	4	3.475	14.58	0.46	2019
Vessel_11	310310	7	11	0	41	192.0284722222	-70.1884	41.1237	1	nan	25	4	4.675	14.5	0.93	2019
Vessel_11	310310	7	11	19	3	192.79375	-70.3156	41.2101	1	nan	28	4	1.6	14.95	0.33	2019
Vessel_11	310310	7	12	12	42	193.5291666667	-70.2766	41.1977	1	nan	27	4	3.65	14.79	0.5	2019
Vessel_11	310310	7	12	16	33	193.6895833333	-70.2625	41.1889	1	nan	26	4	3.325	14.3	0.5	2019
Vessel_11	310310	7	13	0	39	194.0270833333	-70.1954	41.1279	1	nan	25	4	3.025	14.8	0.38	2019
Vessel_11	310310	7	13	11	2	194.4597222222	-70.211	41.1332	1	nan	26	3	1.9	14.97	0.31	2019
Vessel_11	310310	7	13	13	4	194.5444444444	-70.2021	41.1161	1	nan	25	4	1.75	14.98	0.41	2019
Vessel_11	310310	7	13	21	26	194.8930555556	-70.1808	41.1303	1	nan	26	2	1.1	15.39	0.08	2019
Vessel_11	310310	7	14	0	43	195.0298611111	-70.2081	41.1404	1	nan	26	4	2.425	14.99	0.17	2019
Vessel_11	310310	7	17	11	37	198.4840277778	-70.1334	41.0024	1	nan	24	4	2	16.2	0.63	2019
Vessel_11	310310	7	19	11	29	200.4784722222	-70.286	41.1701	1	nan	28	4	2.05	13.12	0.38	2019
Vessel_11	310310	7	20	11	6	201.4625	-70.1357	40.9958	1	nan	23	3	1.725	15.76	0.21	2019
Vessel_11	310310	7	20	13	45	201.5729166667	-70.1326	41.028	1	nan	23	4	2.125	16.8	0.61	2019
Vessel_11	310310	7	21	12	32	202.5222222222	-70.1515	41.0078	1	nan	24	3	3.225	15.38	0.83	2019
Vessel_11	310310	8	17	1	52	229.0777777778	-68.4989	41.5021	1	nan	91	13	3.275	9.72	0.43	2019
Vessel_14	618910	7	8	14	4	189.5861111111	-70.2865	42.1632	1	nan	24	4	144.55	7.32	0.39	2019
Vessel_14	618910	7	31	14	31	212.6048611111	-70.2841	42.1637	1	nan	24	3	144.05	8.28	0.34	2019
Vessel_14	618910	8	6	14	59	218.6243055556	-70.2837	42.1641	1	nan	25	3	142.425	8.61	0.39	2019
Vessel_14	618910	8	22	15	4	234.6277777778	-70.2848	42.1643	1	nan	24	3	143.9	8.8	0.38	2019
Vessel_14	618910	10	14	14	39	287.6104166667	-70.2829	42.1656	1	nan	25	4	145.1	13.54	0.53	2019
Vessel_14	618910	10	24	13	54	297.5791666667	-70.2831	42.1651	1	nan	24	4	238.85	13.24	0.32	2019
Vessel_14	618910	11	7	14	0	311.5833333333	-70.3041	42.1329	1	nan	64	4	216.4	11.6	0.61	2019
Vessel_16	376670	3	19	19	44	78.8222222222	-69.6621	42.1554	1	nan	219	2	5.517	7.87	0.06	2019
Vessel_16	376670	3	20	21	46	79.9069444444	-69.62	42.3767	1	nan	219	0	6.067	7.96	0.07	2019
Vessel_16	376670	3	27	19	33	86.8145833333	-67.9643	41.9617	1	nan	174	23	3.133	6.31	0.31	2019
Vessel_16	376670	4	11	0	15	101.0104166667	-70.0308	41.5098	1	nan	165	21	1.233	5.82	0.06	2019
Vessel_16	376670	4	25	11	28	115.4777777778	-67.4227	41.8742	1	nan	69	9	0.167	6.67	0	2019
Vessel_16	376670	4	26	7	33	116.3145833333	-67.5256	42.1186	1	nan	61	10	15.067	6.72	0.04	2019
Vessel_16	376670	4	29	13	13	119.5506944444	-70.9125	41.6322	1	nan	174	16	4.233	8.03	0.77	2019
Vessel_16	376670	5	3	0	19	123.0131944444	-69.0551	41.5357	1	nan	153	19	1.067	5.41	0.04	2019
Vessel_16	376670	5	4	12	16	124.5111111111	-68.681	41.6136	1	nan	62	9	0.733	7.34	0	2019
Vessel_16	376670	5	5	10	42	125.4458333333	-69.17	41.5246	1	nan	157	26	2.017	7.31	0.73	2019
Vessel_16	376670	5	13	10	32	133.4388888889	-69.0932	41.3139	1	nan	149	24	16.35	5.57	0.06	2019
Vessel_16	376670	6	1	10	14	152.4263888889	-67.3464	41.9938	1	nan	50	8	10.617	9.27	0.11	2019
Vessel_16	376670	6	2	6	2	153.2513888889	-67.414	41.8193	1	nan	51	8	8.267	9.32	0.12	2019
Vessel_16	376670	6	2	23	29	153.9784722222	-67.4303	41.8662	1	nan	62	10	0.383	9.32	0.01	2019
Vessel_16	376670	6	4	16	1	155.6673611111	-69.1068	41.2859	1	nan	146	18	2.933	5.26	0.15	2019
Vessel_17	992810	4	2	23	3	92.9604166667	-71.5772	41.0596	1	nan	41	6	1.925	6.7	0.07	2019
Vessel_17	992810	4	7	6	50	97.2847222222	-71.1362	40.2623	1	nan	98	2	0.875	12.48	0.1	2019
Vessel_17	992810	4	17	22	10	107.9236111111	-71.623	41.0776	1	nan	38	6	1.8	5.97	0.3	2019
Vessel_17	992810	4	17	23	29	107.9784722222	-71.6347	41.0816	1	nan	39	3	0.75	5.77	0.03	2019
Vessel_17	992810	4	28	21	0	118.875	-71.5794	41.3104	1	nan	34	0	0.025	7.24	0	2019
Vessel_17	992810	5	4	12	42	124.5291666667	-71.6233	41.3015	1	nan	34	5	2.025	7.33	0.12	2019
Vessel_17	992810	5	7	11	4	127.4611111111	-71.4498	41.3875	1	nan	25	4	0.95	9.39	0.12	2019
Vessel_17	992810	5	24	14	41	144.6118055556	-71.593	41.3523	1	nan	22	3	0.5	9.56	0.23	2019
Vessel_17	992810	5	29	11	38	149.4847222222	-71.6751	41.3165	1	nan	23	4	1.925	12	1.2	2019
Vessel_17	992810	6	2	17	50	153.7430555556	-71.7433	41.3109	1	nan	23	4	0.1	12.41	0.1	2019
Vessel_17	992810	6	3	13	41	154.5701388889	-71.7485	41.3118	1	nan	21	1	0.05	11.5	0.01	2019
Vessel_17	992810	6	5	15	3	156.6270833333	-71.7569	41.3137	1	nan	19	3	1.875	11.88	0.09	2019
Vessel_17	992810	6	9	12	56	160.5388888889	-71.749	41.311	1	nan	20	3	1.1	13.07	0.12	2019
Vessel_17	992810	6	12	11	46	163.4902777778	-71.4476	41.3903	1	nan	24	4	1.95	13.47	0.21	2019
Vessel_17	992810	6	18	12	4	169.5027777778	-71.7285	41.3164	1	nan	20	2	0.725	14.61	0.06	2019
Vessel_17	992810	6	18	14	33	169.60625	-71.5979	41.3386	1	nan	21	3	0.65	14.58	0.16	2019
Vessel_17	992810	6	19	12	0	170.5	-71.6757	41.3158	1	nan	25	4	0.15	14.63	0.02	2019
Vessel_17	992810	6	19	14	19	170.5965277778	-71.7669	41.3091	1	nan	19	3	1.9	14.75	0.2	2019
Vessel_17	992810	6	19	16	20	170.6805555556	-71.594	41.3406	1	nan	24	2	0.15	14.33	0.16	2019
Vessel_17	992810	6	22	12	52	173.5361111111	-71.6763	41.3152	1	nan	25	4	0.375	14.58	0.08	2019
Vessel_17	992810	6	26	18	20	177.7638888889	-71.6674	41.3165	1	nan	27	4	0.2	13.71	0.07	2019
Vessel_17	992810	6	29	20	3	180.8354166667	-71.4463	41.3933	1	nan	24	4	1.5	14.44	0.2	2019
Vessel_17	992810	7	1	22	3	182.91875	-71.7281	41.3119	1	nan	28	4	0.175	14.66	0.18	2019
Vessel_17	992810	7	6	13	20	187.5555555556	-71.7398	41.3041	1	nan	29	4	0.275	15.52	0.03	2019
Vessel_17	992810	7	6	15	45	187.65625	-71.5128	41.3818	1	nan	25	1	0.925	15.52	0.24	2019
Vessel_17	992810	7	11	13	39	192.56875	-71.79	41.302	1	nan	23	1	0.125	16.55	0.09	2019
Vessel_17	992810	7	13	12	12	194.5083333333	-71.7549	41.3059	1	nan	26	4	2.45	15.57	0.27	2019
Vessel_17	992810	7	15	13	5	196.5451388889	-71.7196	41.3107	1	nan	27	4	2.2	15.33	0.23	2019
Vessel_17	992810	7	16	11	53	197.4951388889	-71.6766	41.3153	1	nan	26	4	0.325	15.13	0.02	2019
Vessel_17	992810	7	18	13	16	199.5527777778	-71.7382	41.3096	1	nan	24	4	3.125	15.26	0.78	2019
Vessel_17	992810	7	18	15	49	199.6590277778	-71.5944	41.3325	1	nan	24	4	1.2	15.04	0.27	2019
Vessel_17	992810	7	19	18	11	200.7576388889	-71.5752	41.3278	1	nan	29	5	0.2	15.5	0.08	2019
Vessel_17	992810	7	20	12	5	201.5034722222	-71.6825	41.3152	1	nan	25	4	0.475	16	0.54	2019
Vessel_17	992810	7	23	17	27	204.7270833333	-71.7385	41.3103	1	nan	28	0	0.025	14.51	0	2019
Vessel_17	992810	7	26	16	46	207.6986111111	-71.8189	41.2986	1	nan	26	4	1.625	16.04	0.3	2019
Vessel_17	992810	7	29	12	23	210.5159722222	-71.751	41.3077	1	nan	26	4	2.375	16.03	0.53	2019
Vessel_17	992810	7	31	13	12	212.55	-71.7525	41.3096	1	nan	23	4	2.35	15.14	0.8	2019
Vessel_17	992810	8	4	18	29	216.7701388889	-71.6691	41.3139	1	nan	27	0	0.025	18.41	0	2019
Vessel_17	992810	8	5	12	50	217.5347222222	-71.446	41.3912	1	nan	26	4	1.15	16.14	1.13	2019
Vessel_17	992810	8	7	12	37	219.5256944444	-71.7534	41.3126	1	nan	20	3	1.1	19.14	0.13	2019
Vessel_17	992810	8	7	15	29	219.6451388889	-71.7391	41.3121	1	nan	26	4	1.275	18.54	0.32	2019
Vessel_17	992810	8	7	18	8	219.7555555556	-71.767	41.3067	1	nan	26	4	1.225	17.93	0.78	2019
Vessel_17	992810	8	7	20	39	219.8604166667	-71.7506	41.3077	1	nan	24	4	2.05	18.12	0.56	2019
Vessel_17	992810	8	16	20	56	228.8722222222	-71.6149	41.2936	1	nan	34	5	0.475	14.16	0.16	2019
Vessel_17	992810	8	18	11	31	230.4798611111	-71.6957	41.2311	1	nan	38	4	0.15	14.67	0.1	2019
Vessel_17	992810	8	21	12	23	233.5159722222	-71.4552	41.3779	1	nan	24	4	2.225	17.39	0.48	2019
Vessel_17	992810	8	22	13	32	234.5638888889	-71.4471	41.3899	1	nan	25	4	3.05	16.59	0.5	2019
Vessel_17	992810	8	23	13	4	235.5444444444	-71.4552	41.3812	1	nan	25	4	1.975	15.73	1.15	2019
Vessel_17	992810	8	25	11	49	237.4923611111	-71.5442	41.2719	1	nan	44	7	0.875	13.11	0.11	2019
Vessel_17	992810	8	29	17	35	241.7326388889	-71.4824	41.2766	1	nan	41	6	1.55	13.25	0.5	2019
Vessel_17	992810	8	31	11	53	243.4951388889	-71.4059	41.2796	1	nan	36	5	0.875	13.18	0.15	2019
Vessel_17	992810	9	3	12	13	246.5090277778	-71.4562	41.2473	1	nan	39	6	1.55	14.66	0.36	2019
Vessel_17	992810	9	4	12	41	247.5284722222	-71.4605	41.2344	1	nan	38	3	1.4	14.25	0.73	2019
Vessel_17	992810	9	4	15	17	247.6368055556	-71.4764	41.2983	1	nan	38	6	1.925	16.72	1.08	2019
Vessel_17	992810	9	12	12	48	255.5333333333	-71.6039	41.2364	1	nan	42	5	0.675	16.52	0.57	2019
Vessel_17	992810	9	12	16	57	255.70625	-71.6217	41.345	1	nan	14	1	0.45	19.07	0.07	2019
Vessel_17	992810	9	13	13	37	256.5673611111	-71.6618	41.2419	1	nan	36	5	1.475	16.6	0.21	2019
Vessel_17	992810	9	14	12	22	257.5152777778	-71.697	41.2274	1	nan	35	3	1.65	17.11	0.1	2019
Vessel_17	992810	9	26	11	48	269.4916666667	-71.4178	41.2796	1	nan	38	6	0.95	12.59	0.33	2019
Vessel_17	992810	9	26	13	20	269.5555555556	-71.4077	41.2852	1	nan	37	4	0.675	12.48	0.22	2019
Vessel_17	992810	9	26	16	24	269.6833333333	-71.5187	41.2547	1	nan	40	6	2.05	13.1	0.54	2019
Vessel_17	992810	9	26	18	26	269.7680555556	-71.549	41.2836	1	nan	44	6	0.95	14.91	1.09	2019
Vessel_17	992810	9	27	12	14	270.5097222222	-71.5356	41.2682	1	nan	42	7	1.3	15.36	1.07	2019
Vessel_17	992810	9	27	14	53	270.6201388889	-71.4957	41.2616	1	nan	40	5	1.9	12.98	0.69	2019
Vessel_17	992810	9	29	11	57	272.4979166667	-71.73	41.2937	1	nan	35	3	0.425	17.04	0.11	2019
Vessel_17	992810	9	29	13	3	272.54375	-71.8097	41.2817	1	nan	42	3	0.275	17.07	0.03	2019
Vessel_17	992810	9	29	15	23	272.6409722222	-71.8255	41.2811	1	nan	42	7	1.45	17.04	0.07	2019
Vessel_17	992810	9	29	17	1	272.7090277778	-71.7796	41.275	1	nan	40	6	1.05	17.04	0.1	2019
Vessel_17	992810	9	30	13	0	273.5416666667	-71.8171	41.2821	1	nan	42	4	0.275	17.23	0.02	2019
Vessel_17	992810	9	30	16	11	273.6743055556	-71.6531	41.2803	1	nan	38	4	1.45	17.28	0.08	2019
Vessel_17	992810	9	30	17	14	273.7180555556	-71.5626	41.2831	1	nan	42	6	0.425	15.18	0.21	2019
Vessel_17	992810	9	30	18	50	273.7847222222	-71.658	41.2333	1	nan	33	2	0.675	16.98	0.03	2019
Vessel_17	992810	10	1	12	20	274.5138888889	-71.6004	41.2795	1	nan	42	6	0.725	17.05	0.15	2019
Vessel_17	992810	10	1	14	4	274.5861111111	-71.6281	41.2502	1	nan	44	7	0.175	17.11	0.02	2019
Vessel_17	992810	10	1	17	16	274.7194444444	-71.6614	41.24	1	nan	35	3	1.05	17.85	0.4	2019
Vessel_17	992810	10	3	14	39	276.6104166667	-71.7249	41.232	1	nan	34	4	1.7	17.07	0.49	2019
Vessel_17	992810	10	3	16	50	276.7013888889	-71.6373	41.2648	1	nan	39	6	1.65	17.03	0.06	2019
Vessel_17	992810	10	4	12	17	277.5118055556	-71.5517	41.286	1	nan	43	4	0.65	16.66	0.68	2019
Vessel_17	992810	10	4	13	49	277.5756944444	-71.4911	41.2705	1	nan	43	3	1.025	14.41	0.45	2019
Vessel_17	992810	10	4	15	51	277.6604166667	-71.5079	41.2785	1	nan	43	6	1.025	14.3	0.15	2019
Vessel_17	992810	10	5	12	14	278.5097222222	-71.5155	41.2795	1	nan	43	3	0.275	15.97	0.23	2019
Vessel_17	992810	10	5	13	52	278.5777777778	-71.4533	41.2705	1	nan	40	5	1.175	15.32	0.07	2019
Vessel_17	992810	10	5	15	31	278.6465277778	-71.4765	41.2659	1	nan	42	4	1.15	15.27	0.06	2019
Vessel_17	992810	10	5	17	4	278.7111111111	-71.5253	41.2897	1	nan	43	6	0.55	15.36	0.24	2019
Vessel_17	992810	10	13	11	52	286.4944444444	-71.5094	41.2676	1	nan	44	3	0.825	16.75	0.01	2019
Vessel_17	992810	10	13	13	39	286.56875	-71.4448	41.2724	1	nan	41	5	1.275	16.68	0.05	2019
Vessel_17	992810	10	13	17	14	286.7180555556	-71.5274	41.2689	1	nan	43	6	2.475	16.69	0.04	2019
Vessel_17	992810	10	14	12	58	287.5402777778	-71.7338	41.2933	1	nan	34	4	0.5	16.77	0.01	2019
Vessel_17	992810	10	14	14	34	287.6069444444	-71.8141	41.2812	1	nan	42	5	0.65	16.68	0	2019
Vessel_17	992810	10	14	16	41	287.6951388889	-71.7583	41.2722	1	nan	38	6	1.1	16.67	0.04	2019
Vessel_17	992810	10	14	19	44	287.8222222222	-71.5781	41.3091	1	nan	36	6	2.4	16.7	0.11	2019
Vessel_17	992810	10	15	12	27	288.51875	-71.409	41.2823	1	nan	37	4	0.675	16.32	0.05	2019
Vessel_17	992810	10	15	14	54	288.6208333333	-71.4637	41.2367	1	nan	38	1	0.15	16.29	0.07	2019
Vessel_17	992810	10	15	17	36	288.7333333333	-71.5251	41.2761	1	nan	43	7	1.775	16.53	0.02	2019
Vessel_17	992810	10	16	12	13	289.5090277778	-71.5117	41.2748	1	nan	44	4	0.775	16.52	0.01	2019
Vessel_17	992810	10	16	14	9	289.5895833333	-71.4526	41.2718	1	nan	41	5	1.425	16.36	0.04	2019
Vessel_17	992810	10	16	16	43	289.6965277778	-71.5116	41.2848	1	nan	42	6	2.1	16.37	0.06	2019
Vessel_17	992810	10	19	15	14	292.6347222222	-71.4809	41.2732	1	nan	42	6	1.25	15.93	0.09	2019
Vessel_17	992810	10	19	17	34	292.7319444444	-71.5419	41.3042	1	nan	37	6	1.75	15.98	0.12	2019
Vessel_17	992810	10	19	19	8	292.7972222222	-71.5696	41.3124	1	nan	32	5	0.225	16.1	0	2019
Vessel_17	992810	10	20	12	11	293.5076388889	-71.4118	41.3403	1	nan	32	3	1.25	15.88	0.07	2019
Vessel_17	992810	10	20	16	4	293.6694444444	-71.4319	41.2758	1	nan	39	5	0.95	16	0.12	2019
Vessel_17	992810	10	20	17	57	293.7479166667	-71.4192	41.3648	1	nan	33	4	1.275	15.85	0.06	2019
Vessel_17	992810	10	25	16	35	298.6909722222	-71.7984	41.2802	1	nan	42	5	0.425	15.65	0.01	2019
Vessel_17	992810	10	25	19	37	298.8173611111	-71.7412	41.2785	1	nan	39	7	2	15.65	0.04	2019
Vessel_17	992810	10	26	12	54	299.5375	-71.6754	41.2833	1	nan	37	6	1.825	15.67	0.03	2019
Vessel_17	992810	10	26	14	59	299.6243055556	-71.7928	41.2725	1	nan	39	6	1.625	15.7	0.03	2019
Vessel_17	992810	10	26	18	52	299.7861111111	-71.6331	41.2932	1	nan	39	6	1.2	15.66	0.02	2019
Vessel_17	992810	10	28	12	28	301.5194444444	-71.5937	41.3073	1	nan	33	5	1.2	15.34	0.18	2019
Vessel_17	992810	10	28	15	11	301.6326388889	-71.8068	41.2809	1	nan	42	6	0.675	15.72	0	2019
Vessel_17	992810	11	9	18	10	313.7569444444	-71.5326	41.3151	1	nan	41	2	0.067	14.74	0.02	2019
Vessel_17	992810	11	11	14	54	315.6208333333	-71.7271	41.296	1	nan	34	5	0.95	14.17	0.07	2019
Vessel_17	992810	11	19	16	50	323.7013888889	-71.782	41.2795	1	nan	42	5	0.2	12.94	0	2019
Vessel_17	992810	11	20	15	36	324.65	-71.7991	41.2805	1	nan	42	6	0.6	12.98	0.07	2019
Vessel_17	992810	12	4	12	21	338.5145833333	-71.5587	41.2854	1	nan	43	5	0.45	10.37	0.01	2019
Vessel_17	992810	12	4	15	34	338.6486111111	-71.5505	41.2816	1	nan	44	5	0.833	10.52	0.09	2019
Vessel_17	992810	12	4	19	40	338.8194444444	-71.5729	41.3078	1	nan	35	5	1.167	10.38	0.07	2019
Vessel_17	992810	12	5	13	28	339.5611111111	-71.6256	41.2934	1	nan	41	4	0.05	10.38	0.01	2019
Vessel_17	992810	12	5	15	15	339.6354166667	-71.6117	41.297	1	nan	38	2	0.033	9.94	0.05	2019
Vessel_17	992810	12	5	17	39	339.7354166667	-71.5759	41.3066	1	nan	35	6	1.767	10.21	0.04	2019
Vessel_17	992810	12	5	19	12	339.8	-71.6145	41.2954	1	nan	42	3	0.083	10.13	0	2019
Vessel_17	992810	12	6	12	59	340.5409722222	-71.5079	41.2699	1	nan	42	6	1.117	9.76	0.06	2019
Vessel_17	992810	12	12	19	44	346.8222222222	-71.5447	41.2751	1	nan	44	5	0.483	8.93	0.1	2019
Vessel_17	992810	12	13	13	50	347.5763888889	-71.6571	41.2806	1	nan	43	6	0.05	8.9	0.01	2019
Vessel_17	992810	1	3	16	14	3.6763888889	-71.4904	41.2758	1	nan	41	6	1.633	7.81	0.25	2020
Vessel_17	992810	1	3	19	39	3.81875	-71.5229	41.2814	1	nan	43	7	1.85	7.66	0.22	2020
Vessel_19	416050	5	3	7	16	123.3027777778	-70.8146	40.4354	1	nan	84	7	824.333	5.62	0.31	2019
Vessel_19	416050	12	7	22	55	341.9548611111	-70.758	40.3791	1	nan	92	6	375.217	15.09	1.21	2019
Vessel_19	416050	12	17	21	4	351.8777777778	-70.7674	40.3736	1	nan	93	2	237.65	14.9	0.62	2019
Vessel_19	416050	12	29	17	26	363.7263888889	-70.7672	40.374	1	nan	93	3	283.967	12.84	2.12	2019
Vessel_20	613890	12	14	3	28	348.1444444444	-69.302	43.0126	1	nan	193	32	6.125	8.36	0.06	2018
Vessel_20	613890	12	14	11	33	348.48125	-69.3353	43.0081	1	nan	197	33	7.175	8.34	0.02	2018
Vessel_20	613890	12	14	19	27	348.8104166667	-69.2337	43.0223	1	nan	197	32	6.825	8.36	0.02	2018
Vessel_20	613890	12	31	13	26	365.5597222222	-69.2602	43.0227	1	nan	192	31	7.45	8.52	0.02	2018
Vessel_20	613890	12	31	21	18	365.8875	-69.2542	43.0251	1	nan	193	32	7.1	8.52	0.02	2018
Vessel_20	613890	1	3	12	14	3.5097222222	-69.954	42.9685	1	nan	214	21	7.275	8.19	0.11	2019
Vessel_20	613890	1	3	20	0	3.8333333333	-69.9307	42.9242	1	nan	219	20	6.975	8.25	0.08	2019
Vessel_20	613890	1	4	3	54	4.1625	-69.9225	42.9407	1	nan	218	29	7.1	8.19	0.09	2019
Vessel_20	613890	1	4	14	1	4.5840277778	-69.9298	42.9281	1	nan	213	23	7.275	8.1	0.1	2019
Vessel_20	613890	1	4	21	57	4.9145833333	-69.9422	42.9184	1	nan	210	33	7.175	8.03	0.06	2019
Vessel_20	613890	1	5	8	27	5.3520833333	-69.9265	42.9544	1	nan	220	31	9.775	8.02	0.04	2019
Vessel_20	613890	1	18	15	31	18.6465277778	-69.3041	43.0089	1	nan	195	32	6.875	8.32	0.04	2019
Vessel_20	613890	1	18	22	47	18.9493055556	-69.311	42.9988	1	nan	193	32	6.475	8.31	0.04	2019
Vessel_20	613890	1	19	6	59	19.2909722222	-70.2543	43.6514	1	nan	192	32	7.45	8.31	0.05	2019
Vessel_20	613890	2	11	12	8	42.5055555556	-69.9393	42.9537	1	nan	210	30	5.575	8.09	0.02	2019
Vessel_20	613890	2	11	18	47	42.7826388889	-69.9475	42.952	1	nan	206	33	5.875	8.09	0.02	2019
Vessel_20	613890	2	12	1	37	43.0673611111	-69.9455	43.0031	1	nan	209	27	6.025	8.1	0.02	2019
Vessel_20	613890	3	18	12	22	77.5152777778	-69.8745	43.0269	1	nan	205	26	4.075	7.81	0.07	2019
Vessel_20	613890	3	18	19	56	77.8305555556	-69.7748	42.9706	1	nan	184	27	6.825	7.14	0.28	2019
Vessel_20	613890	3	19	3	41	78.1534722222	-69.8902	42.9694	1	nan	216	26	6.025	7.9	0.08	2019
Vessel_20	613890	3	19	11	18	78.4708333333	-69.8624	42.9463	1	nan	219	19	6.35	7.91	0.07	2019
Vessel_20	613890	3	19	18	30	78.7708333333	-69.7907	42.9868	1	nan	204	33	6.4	7.57	0.33	2019
Vessel_20	613890	5	8	17	42	128.7375	-69.8562	42.958	1	nan	213	33	5.85	7.78	0.11	2019
Vessel_20	613890	5	9	0	3	129.0020833333	-69.9416	42.9157	1	nan	214	29	4.45	7.78	0.09	2019
Vessel_20	613890	5	9	9	38	129.4013888889	-69.9137	42.8967	1	nan	219	25	8.55	7.86	0.03	2019
Vessel_21	619600	11	1	11	31	305.4798611111	-69.3479	43.227	1	nan	113	11	2.05	9.02	0.08	2018
Vessel_21	619600	11	1	17	30	305.7291666667	-68.8139	42.8895	1	nan	189	20	1.825	8.11	0.02	2018
Vessel_21	619600	11	6	1	14	310.0513888889	-69.9112	42.1722	1	nan	108	14	2.525	7.73	0.02	2018
Vessel_21	619600	3	19	22	12	78.925	-70.1424	42.8517	1	nan	99	9	1.575	4.34	0	2019
Vessel_21	619600	11	4	4	25	308.1840277778	-67.6661	42.5719	1	nan	198	6	1.6	9.88	0.01	2019
Vessel_21	619600	11	5	5	15	309.21875	-70.0583	42.2194	1	nan	96	6	1.925	8.39	0.02	2019
Vessel_21	619600	12	17	8	27	351.3520833333	-69.6892	43.1238	1	nan	99	7	1.625	8.31	0.04	2019
Vessel_21	619600	12	17	13	51	351.5770833333	-69.6457	43.1112	1	nan	88	1	0.6	8.77	0	2019
Vessel_23	784630	12	21	9	18	355.3875	-71.6059	40.5027	1	nan	77	7	272.125	12.95	1.14	2018
Vessel_23	784630	1	10	18	37	10.7756944444	-71.6022	40.503	1	nan	77	2	488.4	11.33	1.02	2019
Vessel_23	784630	1	26	14	24	26.6	-71.7218	40.366	1	nan	78	6	378.925	9.67	1.31	2019
Vessel_23	784630	2	11	14	18	42.5958333333	-71.647	40.3433	1	nan	83	3	382.45	10.61	1.57	2019
Vessel_23	784630	3	5	16	37	64.6923611111	-71.65	40.3418	1	nan	82	8	529.7	10.91	1.12	2019
Vessel_23	784630	4	5	12	1	95.5006944444	-71.6463	40.3418	1	nan	83	2	738.525	8.61	1.32	2019
Vessel_23	784630	5	8	8	31	128.3548611111	-71.6492	40.3416	1	nan	83	2	787.575	6.46	1.01	2019
Vessel_24	610530	12	20	18	1	354.7506944444	-70.2962	42.6817	1	nan	138	22	1.2	7.93	0	2018
Vessel_24	610530	4	17	12	57	107.5395833333	-70.3804	42.6621	1	nan	64	10	2.783	4.2	0.13	2019
Vessel_25	680540	3	30	18	27	89.76875	-71.6291	41.0998	1	nan	31	5	0.867	5.78	0.09	2019
Vessel_25	680540	4	5	19	9	95.7979166667	-71.6278	41.0844	1	nan	37	6	1.25	6.72	0.05	2019
Vessel_25	680540	4	23	11	59	113.4993055556	-71.6967	41.3133	1	nan	27	4	1.317	7.64	0.18	2019
Vessel_25	680540	5	26	12	43	146.5298611111	-70.2441	41.3794	1	nan	13	2	0.95	13.38	0.08	2019
Vessel_25	680540	5	30	13	9	150.5479166667	-71.6859	41.314	1	nan	29	2	0.033	12.33	0.03	2019
Vessel_26	418000	3	9	7	59	68.3326388889	-70.6612	42.6077	1	nan	116	15	1.833	6.69	0.15	2019
Vessel_26	418000	3	13	21	5	72.8784722222	-70.1447	42.8604	1	nan	86	8	6.267	4.41	0.09	2019
Vessel_28	512550	3	30	9	16	89.3861111111	-70.1196	40.0364	1	nan	174	22	38.3	12.7	0.08	2019
Vessel_28	512550	4	5	17	59	95.7493055556	-70.1166	40.0354	1	nan	174	5	150.917	12.26	0.35	2019
Vessel_28	512550	4	7	15	7	97.6298611111	-70.1158	40.0357	1	nan	174	20	42.733	12.37	0.23	2019
Vessel_28	512550	4	12	18	9	102.75625	-70.1185	40.0371	1	nan	175	26	121.35	12.71	0.23	2019
Vessel_28	512550	4	25	20	29	115.8534722222	-70.1215	40.0363	1	nan	179	12	172.15	12.74	0.22	2019
Vessel_28	512550	5	17	4	34	137.1902777778	-70.1237	40.0362	1	nan	176	13	11.117	12.74	0.04	2019
Vessel_28	512550	6	19	12	32	170.5222222222	-67.2253	42.1034	1	nan	52	7	13.433	7.6	1.18	2019
Vessel_29	587460	10	25	19	25	298.8090277778	-70.422	42.9357	1	nan	56	0	0.067	13.12	0.35	2019
Vessel_3	292950	4	26	0	12	116.0083333333	-71.5879	41.0924	1	nan	41	0	0.025	6.19	0	2019
Vessel_3	292950	5	7	11	21	127.4729166667	-71.4169	41.1836	1	nan	44	5	1.475	6.49	0.28	2019
Vessel_3	292950	5	22	10	18	142.4291666667	-71.5097	41.1912	1	nan	41	1	0.15	8.92	0.14	2019
Vessel_3	292950	6	9	11	44	160.4888888889	-71.5168	41.1811	1	nan	42	5	0.575	9.52	0.07	2019
Vessel_3	292950	6	19	11	28	170.4777777778	-71.5071	41.1267	1	nan	30	2	0.15	11.96	0.1	2019
Vessel_3	292950	6	21	11	16	172.4694444444	-71.5213	41.2226	1	nan	44	7	2.125	11.53	0.46	2019
Vessel_3	292950	8	16	12	36	228.525	-71.519	40.9981	1	nan	53	1	0.1	10.03	0.01	2019
Vessel_3	292950	8	26	11	32	238.4805555556	-71.6157	41.1112	1	nan	30	1	0.05	18.27	0	2019
Vessel_3	292950	9	24	11	5	267.4618055556	-71.5219	41.1817	1	nan	42	1	0.15	15.55	0.13	2019
Vessel_3	292950	9	30	17	23	273.7243055556	-71.4853	41.0307	1	nan	50	5	1.6	10.97	0.33	2019
Vessel_3	292950	10	1	12	47	274.5326388889	-71.5249	41.0345	1	nan	50	6	1.8	12.1	0.21	2019
Vessel_3	292950	10	1	15	3	274.6270833333	-71.5226	41.0385	1	nan	49	6	1.725	12.05	0.1	2019
Vessel_3	292950	10	1	17	25	274.7256944444	-71.5301	41.0347	1	nan	49	7	1.725	11.82	0.25	2019
Vessel_3	292950	10	8	12	19	281.5131944444	-71.4921	41.0323	1	nan	50	4	1.25	12.75	0.39	2019
Vessel_3	292950	10	8	14	25	281.6006944444	-71.4826	41.0375	1	nan	50	7	1.525	12.88	0.27	2019
Vessel_3	292950	10	8	17	26	281.7263888889	-71.4147	41.1933	1	nan	45	7	1.35	15.23	0.22	2019
Vessel_3	292950	10	13	12	22	286.5152777778	-71.5266	41.054	1	nan	46	6	1.6	16.38	0.04	2019
Vessel_3	292950	10	13	14	29	286.6034722222	-71.4894	41.0358	1	nan	50	6	1.6	16.34	0.05	2019
Vessel_3	292950	10	13	17	2	286.7097222222	-71.4882	41.004	1	nan	53	6	1.925	16.37	0.07	2019
Vessel_3	292950	10	14	12	3	287.5020833333	-71.4219	41.1857	1	nan	44	7	1.55	16.34	0.02	2019
Vessel_3	292950	10	14	14	7	287.5881944444	-71.4185	41.2012	1	nan	44	5	1.35	16.35	0.02	2019
Vessel_3	292950	10	14	15	57	287.6645833333	-71.4144	41.1899	1	nan	44	6	0.925	16.34	0.02	2019
Vessel_3	292950	10	15	12	8	288.5055555556	-71.4219	41.187	1	nan	44	6	1.425	16.34	0.03	2019
Vessel_3	292950	10	15	14	3	288.5854166667	-71.4198	41.2006	1	nan	44	4	1.275	16.32	0.03	2019
Vessel_3	292950	10	15	15	56	288.6638888889	-71.4161	41.1856	1	nan	46	7	1.375	16.3	0.02	2019
Vessel_3	292950	10	16	12	9	289.50625	-71.4159	41.1838	1	nan	46	7	1.35	16.29	0.01	2019
Vessel_3	292950	10	16	14	5	289.5868055556	-71.4118	41.2007	1	nan	45	7	1.4	16.29	0.02	2019
Vessel_3	292950	10	20	12	10	293.5069444444	-71.4219	41.1851	1	nan	44	5	1.325	16.19	0.05	2019
Vessel_3	292950	10	20	14	0	293.5833333333	-71.4115	41.1985	1	nan	44	7	1.225	16.28	0.06	2019
Vessel_3	292950	10	20	16	12	293.675	-71.4966	41.2719	1	nan	47	5	1.05	15.87	0.01	2019
Vessel_3	292950	10	24	14	29	297.6034722222	-71.4658	41.039	1	nan	49	7	0.725	15.9	0.01	2019
Vessel_3	292950	10	24	16	4	297.6694444444	-71.5309	41.0319	1	nan	49	5	1	15.87	0.02	2019
Vessel_3	292950	10	24	18	1	297.7506944444	-71.5783	41.0662	1	nan	43	5	0.85	15.73	0.02	2019
Vessel_3	292950	10	25	12	15	298.5104166667	-71.5689	41.0567	1	nan	45	5	0.9	15.82	0.02	2019
Vessel_3	292950	10	25	14	9	298.5895833333	-71.5691	41.0676	1	nan	43	6	0.825	15.82	0.03	2019
Vessel_3	292950	10	25	15	53	298.6618055556	-71.566	41.0591	1	nan	44	5	0.825	15.81	0.02	2019
Vessel_3	292950	10	25	17	50	298.7430555556	-71.5647	41.068	1	nan	42	6	0.7	15.81	0.03	2019
Vessel_3	292950	10	26	11	55	299.4965277778	-71.4216	41.1921	1	nan	45	4	1.2	15.85	0.03	2019
Vessel_3	292950	10	26	13	40	299.5694444444	-71.4151	41.2033	1	nan	44	6	1.2	15.84	0.03	2019
Vessel_3	292950	10	28	12	1	301.5006944444	-71.4163	41.1909	1	nan	45	5	1.125	15.59	0.01	2019
Vessel_3	292950	10	28	13	40	301.5694444444	-71.4119	41.2061	1	nan	44	7	1.15	15.59	0.01	2019
Vessel_3	292950	10	28	15	30	301.6458333333	-71.4103	41.1852	1	nan	46	7	1.2	15.57	0.01	2019
Vessel_3	292950	11	20	13	43	324.5715277778	-71.5077	41.0545	1	nan	44	1	0.1	13.39	0.05	2019
Vessel_31	889110	6	7	14	5	158.5868055556	-70.5598	42.6448	1	nan	14	2	93.517	8.19	0.65	2019
Vessel_31	889110	7	15	14	46	196.6152777778	-70.5606	42.6434	1	nan	15	2	71.917	9.26	0.66	2019
Vessel_31	889110	8	1	11	58	213.4986111111	-70.5593	42.644	1	nan	14	2	63.6	9.13	0.41	2019
Vessel_31	889110	8	13	13	53	225.5784722222	-70.5604	42.6428	1	nan	15	2	72.283	9.77	0.55	2019
Vessel_31	889110	8	16	14	18	228.5958333333	-70.5549	42.6446	1	nan	24	3	71.933	8.3	0.39	2019
Vessel_31	889110	9	27	11	59	270.4993055556	-70.5684	42.6383	1	nan	17	0	52.45	9.14	0.61	2019
Vessel_31	889110	10	1	19	8	274.7972222222	-70.5703	42.636	1	nan	15	2	102.9	10.85	1.76	2019
Vessel_31	889110	10	14	11	35	287.4826388889	-70.5429	42.6557	1	nan	49	5	189.933	10.35	2.24	2019
Vessel_31	889110	10	16	12	48	289.5333333333	-70.5434	42.6557	1	nan	48	3	48.8	12.07	0.89	2019
Vessel_31	889110	10	26	16	0	299.6666666667	-70.543	42.6572	1	nan	45	7	242.583	10.69	1.2	2019
Vessel_31	889110	11	3	15	22	307.6402777778	-70.545	42.6563	1	nan	46	5	191.05	9.94	0.77	2019
Vessel_31	889110	11	14	17	26	318.7263888889	-70.5208	42.6596	1	nan	83	9	122.533	9.43	0.77	2019
Vessel_31	889110	12	12	20	14	346.8430555556	-70.4727	42.6358	1	nan	76	7	673.733	9.25	0.56	2019
Vessel_31	889110	12	17	17	6	351.7125	-70.4769	42.6349	1	nan	48	4	116.533	8.38	0.23	2019
Vessel_31	889110	12	22	16	41	356.6951388889	-70.4754	42.6344	1	nan	48	3	119.083	7.64	0.28	2019
Vessel_35	418050	8	8	12	49	220.5340277778	-70.1116	41.5717	1	nan	13	2	1.833	22.02	1.3	2019
Vessel_35	418050	8	8	15	32	220.6472222222	-70.1753	41.5697	1	nan	14	1	1.367	21.92	0.19	2019
Vessel_35	418050	8	8	17	23	220.7243055556	-70.1555	41.5721	1	nan	15	2	0.117	22.21	0.15	2019
Vessel_35	418050	8	13	15	25	225.6423611111	-70.1605	41.5607	1	nan	13	2	1.5	22.15	0.37	2019
Vessel_35	418050	8	13	18	6	225.7541666667	-70.1731	41.5633	1	nan	13	2	0.6	21.96	0.23	2019
Vessel_35	418050	8	15	17	1	227.7090277778	-70.1798	41.5736	1	nan	14	2	7.933	22.9	0.56	2019
Vessel_35	418050	8	27	14	7	239.5881944444	-70.1835	41.5589	1	nan	14	2	0.6	21.5	0.57	2019
Vessel_35	418050	8	27	16	38	239.6930555556	-70.1518	41.5622	1	nan	14	2	1.517	20.3	0.99	2019
Vessel_35	418050	8	27	18	47	239.7826388889	-70.1178	41.5715	1	nan	13	2	0.967	19.28	0.1	2019
Vessel_35	418050	8	28	14	49	240.6173611111	-70.1852	41.567	1	nan	13	2	5.25	20.41	0.83	2019
Vessel_35	418050	8	28	16	25	240.6840277778	-70.1957	41.5516	1	nan	18	3	0.85	21.59	0.6	2019
Vessel_35	418050	8	28	18	59	240.7909722222	-70.1916	41.5518	1	nan	16	0	0.033	21.58	0.01	2019
Vessel_35	418050	8	29	13	36	241.5666666667	-70.2009	41.5534	1	nan	14	2	3.867	21.95	0.43	2019
Vessel_35	418050	8	29	15	6	241.6291666667	-70.2513	41.535	1	nan	15	2	0.55	22.84	0.04	2019
Vessel_35	418050	8	29	16	40	241.6944444444	-70.2415	41.5386	1	nan	17	1	1	22.72	0.04	2019
Vessel_35	418050	8	29	18	12	241.7583333333	-70.2793	41.5263	1	nan	12	2	0.95	22.8	0.02	2019
Vessel_35	418050	9	19	20	26	262.8513888889	-70.2779	41.6497	1	nan	18	3	98.267	18.19	1.33	2019
Vessel_35	418050	9	24	12	50	267.5347222222	-70.198	41.5013	1	nan	18	3	0.083	20.16	0	2019
Vessel_35	418050	9	24	15	0	267.625	-70.1944	41.4977	1	nan	16	3	0.35	20.11	0.01	2019
Vessel_35	418050	9	24	17	47	267.7409722222	-70.2386	41.5118	1	nan	16	3	1.317	20.14	0.06	2019
Vessel_35	418050	10	14	12	37	287.5256944444	-70.4491	41.8504	1	nan	26	3	0.617	13.77	0.02	2019
Vessel_35	418050	10	14	13	44	287.5722222222	-70.4452	41.8391	1	nan	26	2	0.717	13.76	0.02	2019
Vessel_35	418050	11	16	14	39	320.6104166667	-70.5035	41.7719	1	nan	57	9	7.167	9.67	0.71	2019
Vessel_35	418050	11	20	1	15	324.0520833333	-70.1534	42.1742	1	nan	46	3	0.467	9.78	0.02	2019
Vessel_35	418050	11	20	1	57	324.08125	-70.1448	42.1773	1	nan	46	4	0.467	9.75	0.01	2019
Vessel_35	418050	11	20	2	39	324.1104166667	-70.1545	42.1742	1	nan	45	2	0.45	9.73	0.02	2019
Vessel_35	418050	11	20	3	20	324.1388888889	-70.1461	42.1771	1	nan	45	2	0.45	9.71	0.02	2019
Vessel_35	418050	11	20	4	0	324.1666666667	-70.1556	42.1739	1	nan	45	4	0.433	9.69	0.03	2019
Vessel_35	418050	11	20	4	45	324.1979166667	-70.1483	42.1765	1	nan	45	2	0.483	9.69	0.02	2019
Vessel_35	418050	11	20	5	24	324.225	-70.1563	42.1738	1	nan	45	6	0.417	9.65	0.01	2019
Vessel_35	418050	11	20	6	9	324.25625	-70.1486	42.1762	1	nan	46	5	0.5	9.64	0.02	2019
Vessel_35	418050	11	20	6	48	324.2833333333	-70.1576	42.1735	1	nan	46	3	0.383	9.63	0.01	2019
Vessel_35	418050	11	20	7	31	324.3131944444	-70.1472	42.1768	1	nan	47	2	0.467	9.65	0.02	2019
Vessel_35	418050	11	20	8	24	324.35	-70.1627	42.1691	1	nan	47	3	0.65	9.67	0.03	2019
Vessel_35	418050	11	21	21	50	325.9097222222	-70.1546	42.1744	1	nan	47	2	0.433	9.61	0.01	2019
Vessel_35	418050	11	21	22	34	325.9402777778	-70.1491	42.1772	1	nan	47	2	0.517	9.61	0.01	2019
Vessel_35	418050	11	21	23	13	325.9673611111	-70.1569	42.1741	1	nan	47	4	0.4	9.61	0	2019
Vessel_35	418050	11	21	23	52	325.9944444444	-70.1491	42.177	1	nan	47	2	0.4	9.61	0.01	2019
Vessel_35	418050	11	22	0	33	326.0229166667	-70.1584	42.1735	1	nan	47	4	0.45	9.61	0	2019
Vessel_35	418050	11	22	1	16	326.0527777778	-70.1527	42.1767	1	nan	46	2	0.467	9.61	0.01	2019
Vessel_35	418050	11	22	2	6	326.0875	-70.1606	42.1729	1	nan	46	2	0.433	9.61	0.01	2019
Vessel_35	418050	11	22	2	48	326.1166666667	-70.1495	42.1772	1	nan	45	2	0.433	9.6	0.02	2019
Vessel_35	418050	11	22	3	27	326.14375	-70.158	42.1744	1	nan	44	3	0.417	9.6	0.01	2019
Vessel_35	418050	11	22	3	57	326.1645833333	-70.1944	42.1599	1	nan	45	3	0.267	9.57	0.01	2019
Vessel_35	418050	11	22	4	56	326.2055555556	-70.1583	42.1736	1	nan	45	4	0.733	9.58	0.01	2019
Vessel_35	418050	11	22	5	36	326.2333333333	-70.1546	42.1752	1	nan	44	2	0.45	9.61	0	2019
Vessel_35	418050	11	22	6	19	326.2631944444	-70.148	42.1772	1	nan	45	3	0.467	9.6	0.01	2019
Vessel_35	418050	11	22	7	0	326.2916666667	-70.1583	42.1735	1	nan	45	4	0.433	9.6	0.01	2019
Vessel_35	418050	11	22	7	43	326.3215277778	-70.1415	42.1791	1	nan	45	5	0.483	9.61	0.02	2019
Vessel_35	418050	11	22	8	24	326.35	-70.1601	42.173	1	nan	45	3	0.45	9.63	0.01	2019
Vessel_35	418050	11	22	9	11	326.3826388889	-70.2466	42.1593	1	nan	52	6	0.317	9.61	0.02	2019
Vessel_35	418050	11	25	19	7	329.7965277778	-70.1547	42.1749	1	nan	45	2	0.617	9.43	0.11	2019
Vessel_35	418050	11	25	19	48	329.825	-70.1423	42.1789	1	nan	44	3	0.45	9.5	0.02	2019
Vessel_35	418050	11	25	20	32	329.8555555556	-70.1575	42.1738	1	nan	44	7	0.483	9.51	0.01	2019
Vessel_35	418050	11	25	21	15	329.8854166667	-70.1435	42.1785	1	nan	44	2	0.483	9.51	0.01	2019
Vessel_35	418050	11	25	21	53	329.9118055556	-70.1581	42.1731	1	nan	45	1	0.383	9.51	0	2019
Vessel_35	418050	11	25	22	33	329.9395833333	-70.146	42.1771	1	nan	45	7	0.483	9.5	0.04	2019
Vessel_35	418050	11	25	23	10	329.9652777778	-70.1553	42.1735	1	nan	46	1	0.383	9.48	0.05	2019
Vessel_35	418050	11	25	23	55	329.9965277778	-70.1481	42.1765	1	nan	46	2	0.517	9.42	0.09	2019
Vessel_35	418050	11	26	0	34	330.0236111111	-70.1549	42.1743	1	nan	46	2	0.417	9.32	0.02	2019
Vessel_35	418050	11	26	1	19	330.0548611111	-70.1466	42.1777	1	nan	46	3	0.5	9.34	0.04	2019
Vessel_35	418050	11	26	1	56	330.0805555556	-70.1549	42.1738	1	nan	48	2	0.4	9.36	0.03	2019
Vessel_35	418050	11	26	2	36	330.1083333333	-70.1463	42.1771	1	nan	47	3	0.45	9.38	0.03	2019
Vessel_35	418050	11	26	3	19	330.1381944444	-70.1551	42.1733	1	nan	49	1	0.45	9.4	0.02	2019
Vessel_35	418050	11	26	3	59	330.1659722222	-70.1402	42.1783	1	nan	48	3	0.433	9.41	0.03	2019
Vessel_35	418050	11	26	4	42	330.1958333333	-70.151	42.1741	1	nan	49	4	0.5	9.4	0.03	2019
Vessel_35	418050	11	26	5	21	330.2229166667	-70.1407	42.1773	1	nan	49	1	0.383	9.38	0.02	2019
Vessel_35	418050	11	26	6	4	330.2527777778	-70.155	42.1749	1	nan	46	2	0.483	9.36	0.02	2019
Vessel_35	418050	11	26	6	44	330.2805555556	-70.1404	42.1798	1	nan	46	3	0.4	9.36	0.02	2019
Vessel_35	418050	11	26	7	29	330.3118055556	-70.1548	42.1753	1	nan	45	4	0.517	9.35	0.01	2019
Vessel_35	418050	11	26	8	8	330.3388888889	-70.1441	42.1783	1	nan	45	2	0.4	9.35	0.01	2019
Vessel_35	418050	11	26	8	52	330.3694444444	-70.1504	42.1766	1	nan	44	2	0.5	9.36	0.05	2019
Vessel_35	418050	11	26	9	31	330.3965277778	-70.1463	42.1781	1	nan	44	2	0.433	9.38	0.06	2019
Vessel_35	418050	11	26	10	11	330.4243055556	-70.1524	42.176	1	nan	44	1	0.417	9.34	0.01	2019
Vessel_35	418050	11	26	10	54	330.4541666667	-70.1467	42.1779	1	nan	44	3	0.45	9.35	0.01	2019
Vessel_35	418050	11	26	11	36	330.4833333333	-70.1569	42.1748	1	nan	44	3	0.433	9.36	0.01	2019
Vessel_35	418050	11	27	0	11	331.0076388889	-70.1666	42.1701	1	nan	47	3	0.433	9.36	0.01	2019
Vessel_35	418050	11	27	0	59	331.0409722222	-70.1456	42.1775	1	nan	46	3	0.55	9.36	0.01	2019
Vessel_35	418050	11	27	1	40	331.0694444444	-70.1561	42.1749	1	nan	45	1	0.433	9.38	0	2019
Vessel_35	418050	11	27	2	25	331.1006944444	-70.1457	42.1791	1	nan	45	6	0.533	9.4	0.02	2019
Vessel_35	418050	11	27	3	7	331.1298611111	-70.1579	42.1761	1	nan	44	2	0.433	9.4	0.02	2019
Vessel_35	418050	11	27	3	47	331.1576388889	-70.1468	42.1782	1	nan	46	3	0.467	9.41	0.03	2019
Vessel_35	418050	11	27	4	29	331.1868055556	-70.1535	42.1756	1	nan	47	5	0.467	9.42	0.03	2019
Vessel_35	418050	11	27	5	9	331.2145833333	-70.1457	42.1786	1	nan	46	3	0.417	9.41	0.02	2019
Vessel_35	418050	11	27	5	54	331.2458333333	-70.1533	42.1761	1	nan	46	3	0.517	9.4	0.02	2019
Vessel_35	418050	11	27	6	35	331.2743055556	-70.1432	42.1793	1	nan	46	2	0.4	9.39	0	2019
Vessel_35	418050	11	27	7	23	331.3076388889	-70.1543	42.1755	1	nan	45	2	0.517	9.39	0	2019
Vessel_35	418050	11	27	7	58	331.3319444444	-70.1429	42.179	1	nan	45	5	0.333	9.39	0	2019
Vessel_35	418050	11	27	8	40	331.3611111111	-70.153	42.1753	1	nan	45	2	0.483	9.39	0.01	2019
Vessel_35	418050	11	27	9	44	331.4055555556	-70.1436	42.1794	1	nan	44	2	0.45	9.39	0.01	2019
Vessel_35	418050	11	27	10	25	331.4340277778	-70.156	42.1739	1	nan	45	1	0.45	9.39	0	2019
Vessel_35	418050	11	27	11	11	331.4659722222	-70.1417	42.1777	1	nan	46	5	0.533	9.4	0.01	2019
Vessel_35	418050	11	27	11	32	331.4805555556	-70.1172	42.1972	1	nan	54	7	0.083	9.4	0	2019
Vessel_35	418050	11	27	12	16	331.5111111111	-70.1276	42.2175	1	nan	58	5	0.483	9.46	0.03	2019
Vessel_35	418050	11	27	12	53	331.5368055556	-70.1198	42.2119	1	nan	63	6	0.383	9.46	0.02	2019
Vessel_35	418050	11	27	13	39	331.56875	-70.1392	42.1794	1	nan	48	2	0.467	9.41	0.02	2019
Vessel_35	418050	11	27	14	26	331.6013888889	-70.1371	42.1821	1	nan	48	7	0.5	9.43	0.03	2019
Vessel_35	418050	11	27	15	14	331.6347222222	-70.1516	42.1764	1	nan	47	2	0.55	9.44	0.03	2019
Vessel_35	418050	12	1	10	51	335.4520833333	-70.1543	42.1748	1	nan	46	3	0.45	9	0.04	2019
Vessel_35	418050	12	1	11	32	335.4805555556	-70.1427	42.1787	1	nan	46	3	0.467	8.94	0.07	2019
Vessel_35	418050	12	1	12	19	335.5131944444	-70.1512	42.1754	1	nan	46	2	0.5	8.94	0.03	2019
Vessel_35	418050	12	1	13	2	335.5430555556	-70.1422	42.178	1	nan	46	3	0.4	8.93	0.05	2019
Vessel_35	418050	12	1	13	47	335.5743055556	-70.1552	42.1735	1	nan	46	7	0.45	8.94	0.01	2019
Vessel_35	418050	12	1	14	31	335.6048611111	-70.1442	42.1767	1	nan	47	2	0.467	8.94	0.05	2019
Vessel_35	418050	12	1	15	16	335.6361111111	-70.1565	42.1728	1	nan	47	5	0.417	8.96	0.02	2019
Vessel_35	418050	12	1	16	4	335.6694444444	-70.1441	42.1765	1	nan	48	2	0.517	8.98	0.07	2019
Vessel_35	418050	12	1	16	51	335.7020833333	-70.1575	42.1729	1	nan	47	2	0.4	8.99	0.05	2019
Vessel_35	418050	12	1	21	23	335.8909722222	-70.2226	42.1128	1	nan	47	5	4.267	9.18	0.19	2019
Vessel_35	418050	12	16	19	17	350.8034722222	-70.1543	42.1769	1	nan	45	3	0.5	7.84	0.04	2019
Vessel_35	418050	12	16	19	59	350.8326388889	-70.1467	42.1796	1	nan	45	4	0.45	7.82	0.05	2019
Vessel_35	418050	12	16	20	49	350.8673611111	-70.1527	42.1775	1	nan	45	3	0.55	7.8	0.04	2019
Vessel_35	418050	12	16	21	28	350.8944444444	-70.1469	42.1794	1	nan	45	4	0.417	7.75	0.03	2019
Vessel_35	418050	12	16	22	19	350.9298611111	-70.152	42.1769	1	nan	45	2	0.583	7.72	0.04	2019
Vessel_35	418050	12	16	22	58	350.9569444444	-70.1476	42.179	1	nan	44	4	0.4	7.66	0.04	2019
Vessel_35	418050	12	16	23	44	350.9888888889	-70.1528	42.1772	1	nan	43	2	0.517	7.63	0.03	2019
Vessel_35	418050	12	17	0	25	351.0173611111	-70.1447	42.1801	1	nan	43	5	0.433	7.56	0.03	2019
Vessel_35	418050	12	17	1	11	351.0493055556	-70.1524	42.1775	1	nan	42	3	0.5	7.55	0.02	2019
Vessel_35	418050	12	17	1	57	351.08125	-70.148	42.179	1	nan	43	5	0.483	7.53	0.05	2019
Vessel_35	418050	12	17	2	39	351.1104166667	-70.1553	42.1766	1	nan	42	4	0.45	7.57	0.06	2019
Vessel_35	418050	12	17	3	26	351.1430555556	-70.1403	42.1819	1	nan	43	4	0.533	7.59	0.08	2019
Vessel_35	418050	12	17	4	6	351.1708333333	-70.1567	42.1763	1	nan	43	2	0.417	7.63	0.01	2019
Vessel_35	418050	12	17	4	51	351.2020833333	-70.1487	42.1772	1	nan	45	6	0.5	7.66	0.05	2019
Vessel_35	418050	12	17	5	30	351.2291666667	-70.1565	42.1763	1	nan	43	3	0.383	7.7	0.03	2019
Vessel_35	418050	12	17	6	17	351.2618055556	-70.1484	42.1782	1	nan	45	4	0.517	7.79	0.14	2019
Vessel_35	418050	12	17	6	58	351.2902777778	-70.1564	42.1764	1	nan	44	4	0.433	7.87	0.12	2019
Vessel_35	418050	12	17	7	42	351.3208333333	-70.1471	42.1798	1	nan	45	4	0.467	7.89	0.14	2019
Vessel_35	418050	12	17	11	22	351.4736111111	-70.1294	42.1847	1	nan	48	7	3.367	7.98	0.15	2019
Vessel_35	418050	12	17	12	1	351.5006944444	-70.1443	42.1807	1	nan	44	5	0.383	7.65	0.04	2019
Vessel_35	418050	12	17	12	49	351.5340277778	-70.1569	42.1766	1	nan	42	3	0.517	7.61	0.05	2019
Vessel_35	418050	12	17	13	34	351.5652777778	-70.1447	42.181	1	nan	43	5	0.483	7.58	0.05	2019
Vessel_35	418050	12	17	14	15	351.59375	-70.1606	42.1759	1	nan	42	2	0.417	7.58	0.03	2019
Vessel_35	418050	12	17	15	2	351.6263888889	-70.13	42.1871	1	nan	46	7	0.217	7.68	0.02	2019
Vessel_35	418050	12	17	15	50	351.6597222222	-70.1354	42.1856	1	nan	43	1	0.067	7.66	0.01	2019
Vessel_35	418050	12	21	14	19	355.5965277778	-70.1567	42.1765	1	nan	44	2	0.5	7.66	0.04	2019
Vessel_35	418050	12	21	15	0	355.625	-70.1433	42.181	1	nan	44	4	0.433	7.62	0.02	2019
Vessel_35	418050	12	21	15	45	355.65625	-70.1534	42.1777	1	nan	43	2	0.533	7.62	0.02	2019
Vessel_35	418050	12	21	16	24	355.6833333333	-70.1477	42.1807	1	nan	43	4	0.4	7.59	0.01	2019
Vessel_35	418050	12	21	17	7	355.7131944444	-70.1557	42.1776	1	nan	42	3	0.483	7.6	0.01	2019
Vessel_35	418050	12	21	17	49	355.7423611111	-70.145	42.1812	1	nan	43	5	0.433	7.6	0.03	2019
Vessel_35	418050	12	21	18	33	355.7729166667	-70.1556	42.1777	1	nan	42	3	0.483	7.6	0.01	2019
Vessel_35	418050	12	21	19	17	355.8034722222	-70.1465	42.181	1	nan	42	4	0.45	7.6	0.03	2019
Vessel_35	418050	12	21	19	58	355.8319444444	-70.1621	42.1768	1	nan	41	3	0.45	7.61	0.01	2019
Vessel_35	418050	12	21	20	44	355.8638888889	-70.1464	42.1807	1	nan	43	6	0.5	7.61	0.03	2019
Vessel_35	418050	12	21	21	26	355.8930555556	-70.1607	42.176	1	nan	43	3	0.417	7.63	0.01	2019
Vessel_35	418050	12	21	22	11	355.9243055556	-70.1473	42.1809	1	nan	44	5	0.5	7.63	0.03	2019
Vessel_35	418050	12	21	22	49	355.9506944444	-70.1554	42.1781	1	nan	44	4	0.433	7.66	0.02	2019
Vessel_35	418050	12	21	23	31	355.9798611111	-70.1487	42.1805	1	nan	45	5	0.45	7.67	0.04	2019
Vessel_35	418050	12	22	0	14	356.0097222222	-70.1649	42.1747	1	nan	44	2	0.467	7.69	0.03	2019
Vessel_35	418050	12	22	0	55	356.0381944444	-70.1483	42.1801	1	nan	45	5	0.433	7.68	0.04	2019
Vessel_35	418050	12	22	1	39	356.06875	-70.1553	42.1775	1	nan	44	2	0.483	7.68	0.03	2019
Vessel_35	418050	12	22	2	21	356.0979166667	-70.1474	42.1801	1	nan	45	5	0.45	7.64	0.04	2019
Vessel_35	418050	12	22	3	9	356.13125	-70.1531	42.1787	1	nan	43	4	0.567	7.64	0.02	2019
Vessel_35	418050	12	22	3	51	356.1604166667	-70.1461	42.181	1	nan	44	5	0.433	7.6	0.06	2019
Vessel_35	418050	12	22	4	40	356.1944444444	-70.1522	42.1786	1	nan	42	4	0.533	7.55	0.07	2019
Vessel_35	418050	12	30	0	50	364.0347222222	-70.156	42.1741	1	nan	45	6	0.5	6.89	0.11	2019
Vessel_35	418050	12	30	1	32	364.0638888889	-70.142	42.178	1	nan	46	3	0.45	6.9	0.12	2019
Vessel_35	418050	12	30	2	16	364.0944444444	-70.1583	42.1755	1	nan	43	3	0.483	6.96	0.08	2019
Vessel_35	418050	12	30	3	1	364.1256944444	-70.1468	42.1813	1	nan	43	6	0.5	6.99	0.13	2019
Vessel_35	418050	12	30	3	40	364.1527777778	-70.1573	42.1776	1	nan	42	2	0.417	7.1	0.08	2019
Vessel_35	418050	12	30	4	28	364.1861111111	-70.1485	42.1804	1	nan	44	6	0.517	7.17	0.13	2019
Vessel_35	418050	12	30	5	9	364.2145833333	-70.1579	42.177	1	nan	43	3	0.433	7.28	0.07	2019
Vessel_35	418050	12	30	5	54	364.2458333333	-70.1468	42.1816	1	nan	44	6	0.483	7.35	0.11	2019
Vessel_35	418050	12	30	6	33	364.2729166667	-70.1595	42.1768	1	nan	44	1	0.417	7.42	0.06	2019
Vessel_35	418050	12	30	7	14	364.3013888889	-70.1452	42.1821	1	nan	44	5	0.433	7.44	0.08	2019
Vessel_35	418050	12	30	7	53	364.3284722222	-70.1562	42.1781	1	nan	43	4	0.433	7.45	0.07	2019
Vessel_35	418050	12	30	8	33	364.35625	-70.1483	42.1812	1	nan	44	5	0.417	7.42	0.07	2019
Vessel_35	418050	12	30	9	15	364.3854166667	-70.1553	42.1781	1	nan	43	2	0.467	7.4	0.09	2019
Vessel_35	418050	12	30	9	56	364.4138888889	-70.1473	42.1815	1	nan	44	5	0.433	7.34	0.09	2019
Vessel_35	418050	12	30	10	40	364.4444444444	-70.1534	42.1781	1	nan	43	2	0.5	7.3	0.12	2019
Vessel_35	418050	1	2	16	47	2.6993055556	-70.3246	42.2879	1	nan	53	3	0.6	6.93	0.01	2020
Vessel_35	418050	1	2	17	38	2.7347222222	-70.3241	42.2799	1	nan	53	2	0.55	6.92	0.01	2020
Vessel_35	418050	1	2	18	26	2.7680555556	-70.3247	42.2873	1	nan	53	4	0.533	6.9	0.01	2020
Vessel_35	418050	1	2	19	15	2.8020833333	-70.324	42.2814	1	nan	54	2	0.567	6.88	0.01	2020
Vessel_35	418050	1	2	20	10	2.8402777778	-70.3255	42.2916	1	nan	54	4	0.517	6.85	0.01	2020
Vessel_35	418050	1	2	21	1	2.8756944444	-70.3245	42.2791	1	nan	54	1	0.6	6.84	0.01	2020
Vessel_35	418050	1	2	21	44	2.9055555556	-70.3243	42.2872	1	nan	54	6	0.5	6.83	0.01	2020
Vessel_35	418050	1	2	22	36	2.9416666667	-70.3239	42.2789	1	nan	54	3	0.55	6.83	0.01	2020
Vessel_35	418050	1	2	23	21	2.9729166667	-70.3245	42.2901	1	nan	53	4	0.467	6.83	0.01	2020
Vessel_35	418050	1	3	0	11	3.0076388889	-70.3245	42.2687	1	nan	53	2	0.567	6.85	0.01	2020
Vessel_35	418050	1	4	18	0	4.75	-69.8686	41.956	1	nan	64	3	0.483	7.45	0.07	2020
Vessel_35	418050	1	4	18	41	4.7784722222	-69.8764	41.9604	1	nan	61	5	0.433	7.26	0.05	2020
Vessel_35	418050	1	4	19	51	4.8270833333	-69.9365	42.0439	1	nan	72	3	0.433	7.8	0.02	2020
Vessel_35	418050	1	4	21	44	4.9055555556	-70.0482	42.1882	1	nan	108	15	0.55	8.08	0.03	2020
Vessel_35	418050	1	4	22	34	4.9402777778	-70.0237	42.1647	1	nan	115	10	0.517	8.1	0.01	2020
Vessel_35	418050	1	4	23	28	4.9777777778	-70.0669	42.1697	1	nan	76	7	0.483	7.79	0.02	2020
Vessel_35	418050	1	5	0	25	5.0173611111	-70.1542	42.1744	1	nan	47	4	0.45	7.15	0.05	2020
Vessel_35	418050	1	5	1	0	5.0416666667	-70.1862	42.1893	1	nan	40	4	0.317	7	0.01	2020
Vessel_35	418050	1	5	1	36	5.0666666667	-70.1925	42.1812	1	nan	39	2	0.35	6.97	0.01	2020
Vessel_35	418050	1	5	2	5	5.0868055556	-70.1978	42.1842	1	nan	38	4	0.25	6.88	0.01	2020
Vessel_35	418050	1	5	2	46	5.1152777778	-70.1884	42.2146	1	nan	40	3	0.433	6.93	0.02	2020
Vessel_35	418050	1	5	3	38	5.1513888889	-70.1524	42.208	1	nan	44	6	0.517	6.97	0.01	2020
Vessel_35	418050	1	5	4	18	5.1791666667	-70.1714	42.2026	1	nan	40	3	0.467	6.92	0.07	2020
Vessel_35	418050	1	5	5	2	5.2097222222	-70.1718	42.1882	1	nan	40	4	0.483	6.78	0.02	2020
Vessel_36	587390	8	22	12	58	234.5402777778	-70.4664	42.0882	1	nan	51	8	2.867	6.83	0.11	2019
Vessel_36	587390	8	28	13	10	240.5486111111	-70.4383	42.1169	1	nan	51	8	2.483	7.08	0.27	2019
Vessel_36	587390	9	2	13	35	245.5659722222	-70.2977	41.815	1	nan	22	2	1.333	10.11	0.08	2019
Vessel_36	587390	9	2	15	38	245.6513888889	-70.2844	41.8158	1	nan	23	2	1.433	10.08	0.17	2019
Vessel_36	587390	9	8	12	9	251.50625	-70.2821	41.8188	1	nan	24	2	1.367	12.4	0.59	2019
Vessel_36	587390	9	8	14	9	251.5895833333	-70.3008	41.8181	1	nan	25	1	1.5	12.9	0.54	2019
Vessel_36	587390	9	8	16	13	251.6756944444	-70.2954	41.8247	1	nan	25	2	1.433	13.29	0.47	2019
Vessel_36	587390	9	10	0	9	253.00625	-70.5036	41.7714	1	nan	25	4	7.333	14.03	0.46	2019
Vessel_36	587390	9	11	13	51	254.5770833333	-70.3058	41.8511	1	nan	28	1	1.367	10.6	0.27	2019
Vessel_36	587390	9	11	15	52	254.6611111111	-70.2827	41.823	1	nan	25	1	1.267	12.86	0.28	2019
Vessel_36	587390	9	11	17	53	254.7451388889	-70.2918	41.8144	1	nan	24	2	1.367	13.95	0.13	2019
Vessel_36	587390	10	14	13	41	287.5701388889	-70.4523	41.8367	1	nan	25	2	0.65	13.74	0.02	2019
Vessel_36	587390	10	14	16	20	287.6805555556	-70.4538	41.8433	1	nan	27	2	0.467	13.74	0.02	2019
Vessel_36	587390	10	14	17	18	287.7208333333	-70.4517	41.8356	1	nan	27	1	0.467	13.74	0.02	2019
Vessel_36	587390	10	15	13	18	288.5541666667	-70.2952	41.8134	1	nan	23	2	1.367	13.99	0.19	2019
Vessel_36	587390	10	16	12	12	289.5083333333	-70.2962	41.8099	1	nan	22	2	1.417	13.86	0.2	2019
Vessel_36	587390	10	20	12	14	293.5097222222	-70.2835	41.8216	1	nan	24	3	1.717	13.46	0.05	2019
Vessel_36	587390	10	20	14	28	293.6027777778	-70.2903	41.8138	1	nan	22	2	1.75	13.52	0.04	2019
Vessel_36	587390	10	20	15	37	293.6506944444	-70.3196	41.7966	1	nan	21	2	0.633	13.56	0.02	2019
Vessel_36	587390	11	4	21	4	308.8777777778	-70.5035	41.7715	1	nan	25	4	339.717	13.16	0.16	2019
Vessel_36	587390	11	5	13	45	309.5729166667	-70.2877	41.8279	1	nan	23	4	2.083	12.89	0.02	2019
Vessel_36	587390	11	7	18	49	311.7840277778	-70.3922	41.7547	1	nan	15	1	0.267	12.66	0.03	2019
Vessel_36	587390	11	11	10	43	315.4465277778	-70.391	41.7604	1	nan	11	1	0.117	11.45	0.03	2019
Vessel_36	587390	11	11	14	43	315.6131944444	-70.4057	41.7489	1	nan	10	1	0.067	11.32	0.01	2019
Vessel_5	372540	4	2	17	55	92.7465277778	-70.3383	42.6953	1	nan	86	10	0.25	4.34	0.05	2019
Vessel_5	372540	4	11	15	33	101.6479166667	-70.4768	42.6182	1	nan	95	13	1	4.05	0.03	2019
Vessel_5	372540	4	17	11	34	107.4819444444	-70.3562	42.8237	1	nan	74	1	0.025	4.01	0	2019
Vessel_5	372540	4	25	10	43	115.4465277778	-70.2512	42.762	1	nan	107	13	0.25	4.76	0.05	2019
Vessel_5	372540	4	29	9	51	119.4104166667	-70.3865	42.8422	1	nan	69	4	0.075	4.2	0	2019
Vessel_5	372540	5	3	11	50	123.4930555556	-70.4356	42.4316	1	nan	64	6	0.6	4.23	0.02	2019
Vessel_5	372540	5	3	15	41	123.6534722222	-70.4625	42.4687	1	nan	97	4	0.275	4.44	0.06	2019
Vessel_5	372540	5	4	16	39	124.69375	-70.4466	42.44	1	nan	81	12	0.075	4.3	0	2019
Vessel_5	372540	5	8	10	29	128.4368055556	-70.4566	42.4769	1	nan	121	18	0.45	4.58	0.08	2019
Vessel_5	372540	5	11	16	29	131.6868055556	-70.4402	42.4527	1	nan	99	16	3.425	4.48	0.02	2019
Vessel_5	372540	5	17	15	48	137.6583333333	-70.3796	42.4863	1	nan	130	20	1.2	4.54	0.03	2019
Vessel_5	372540	6	1	13	1	152.5423611111	-70.6452	42.7845	1	nan	71	11	3.45	4.76	0.05	2019
Vessel_5	372540	6	1	16	30	152.6875	-70.6497	42.7871	1	nan	70	10	2.95	4.83	0.08	2019
Vessel_5	372540	6	3	9	11	154.3826388889	-70.6524	42.7778	1	nan	66	7	3.525	5.14	0.06	2019
Vessel_5	372540	6	3	16	7	154.6715277778	-70.6487	42.7784	1	nan	70	11	2.1	5.05	0.13	2019
Vessel_5	372540	6	5	16	31	156.6881944444	-70.6543	42.8066	1	nan	71	11	2.725	4.99	0.1	2019
Vessel_5	372540	6	7	7	45	158.3229166667	-70.5598	42.7862	1	nan	97	15	1.525	4.53	0.02	2019
Vessel_5	372540	6	7	12	34	158.5236111111	-70.5728	42.7811	1	nan	93	7	2.3	4.51	0.02	2019
Vessel_5	372540	6	12	9	35	163.3993055556	-70.6635	42.8182	1	nan	68	11	3.6	5.05	0.09	2019
Vessel_5	372540	6	15	17	12	166.7166666667	-70.6529	42.8116	1	nan	72	12	3.775	5.2	0.03	2019
Vessel_5	372540	6	17	13	34	168.5652777778	-70.6578	42.8051	1	nan	67	11	3.125	5.32	0.03	2019
Vessel_5	372540	6	17	16	32	168.6888888889	-70.6462	42.819	1	nan	75	12	2.35	5.24	0.05	2019
Vessel_5	372540	6	18	8	0	169.3333333333	-70.539	42.8449	1	nan	104	15	1.475	4.62	0.04	2019
Vessel_5	372540	6	18	12	23	169.5159722222	-70.552	42.8187	1	nan	108	16	2.075	4.58	0.03	2019
Vessel_5	372540	7	3	8	38	184.3597222222	-70.3674	42.7501	1	nan	72	6	0.1	5.34	0.11	2019
Vessel_5	372540	7	3	10	10	184.4236111111	-70.2706	42.7663	1	nan	64	10	0.825	6.16	0.08	2019
Vessel_5	372540	7	6	15	19	187.6381944444	-70.3575	42.8206	1	nan	111	13	1.15	4.78	0.08	2019
Vessel_5	372540	7	8	9	52	189.4111111111	-70.2748	42.7601	1	nan	78	5	0.05	6.04	0	2019
Vessel_5	372540	7	8	11	30	189.4791666667	-70.282	42.7635	1	nan	58	5	1.125	6.12	0.03	2019
Vessel_5	372540	7	11	11	21	192.4729166667	-70.2893	42.7579	1	nan	60	5	0.525	6.33	0.04	2019
Vessel_5	372540	7	15	14	36	196.6083333333	-70.2946	42.6735	1	nan	142	20	2.575	5.83	0.02	2019
Vessel_5	372540	7	16	9	51	197.4104166667	-70.3908	42.8527	1	nan	80	0	0.025	5.35	0	2019
Vessel_5	372540	7	16	11	49	197.4923611111	-70.419	42.8809	1	nan	143	17	1.25	4.92	0.03	2019
Vessel_5	372540	7	17	10	26	198.4347222222	-70.3965	42.8758	1	nan	145	23	2.525	4.95	0.02	2019
Vessel_5	372540	7	19	9	27	200.39375	-70.3853	42.8413	1	nan	95	7	0.025	5.73	0	2019
Vessel_5	372540	7	19	15	12	200.6333333333	-70.3558	42.8193	1	nan	118	19	0.375	5.14	0.33	2019
Vessel_5	372540	7	22	10	14	203.4263888889	-70.2735	42.7608	1	nan	68	9	0.35	6.49	0.04	2019
Vessel_5	372540	7	24	10	11	205.4243055556	-70.289	42.7282	1	nan	74	10	0.25	6.39	0.01	2019
Vessel_5	372540	7	24	11	59	205.4993055556	-70.3352	42.7831	1	nan	57	5	0.825	6.13	0.18	2019
Vessel_5	372540	7	24	13	59	205.5826388889	-70.4033	42.8633	1	nan	92	3	0.15	5.43	0.05	2019
Vessel_5	372540	7	25	10	18	206.4291666667	-70.282	42.7602	1	nan	59	9	2.25	6.5	0.11	2019
Vessel_5	372540	7	29	10	11	210.4243055556	-70.6229	42.8264	1	nan	80	8	0.55	5.83	0.06	2019
Vessel_5	372540	7	29	13	59	210.5826388889	-70.6114	42.7918	1	nan	85	14	2.3	5.67	0.13	2019
Vessel_5	372540	7	30	9	26	211.3930555556	-70.2818	42.7604	1	nan	60	10	1.7	6.86	0.07	2019
Vessel_5	372540	7	30	10	26	211.4347222222	-70.281	42.7683	1	nan	57	6	0.55	6.89	0.08	2019
Vessel_5	372540	7	30	14	49	211.6173611111	-70.4427	42.8782	1	nan	116	18	0.95	5.59	0.06	2019
Vessel_5	372540	8	6	10	4	218.4194444444	-70.3703	42.7708	1	nan	72	6	2.625	6.23	0.11	2019
Vessel_5	372540	8	7	9	6	219.3791666667	-70.3683	42.7487	1	nan	75	7	0.075	5.93	0.09	2019
Vessel_5	372540	8	11	9	26	223.3930555556	-70.2801	42.7618	1	nan	57	9	1.55	7.15	0.06	2019
Vessel_5	372540	9	1	10	2	244.4180555556	-70.2802	42.762	1	nan	58	9	1.775	8.14	0.06	2019
Vessel_5	372540	9	1	15	4	244.6277777778	-70.3503	42.8183	1	nan	113	8	0.425	5.73	0.1	2019
Vessel_5	372540	9	3	10	27	246.4354166667	-70.2825	42.7609	1	nan	59	6	2	7.91	0.1	2019
Vessel_5	372540	9	3	13	19	246.5548611111	-70.3424	42.7984	1	nan	58	9	1.775	6.48	0.39	2019
Vessel_5	372540	9	3	15	28	246.6444444444	-70.352	42.8175	1	nan	110	14	1	5.79	0.07	2019
Vessel_5	372540	9	4	13	45	247.5729166667	-70.3898	42.8535	1	nan	79	10	0.025	6.62	0	2019
Vessel_5	372540	9	5	9	56	248.4138888889	-70.28	42.7612	1	nan	60	10	1.925	7.73	0.11	2019
Vessel_5	372540	9	5	12	57	248.5395833333	-70.355	42.8104	1	nan	61	10	1.9	7.48	0.47	2019
Vessel_5	372540	9	5	15	10	248.6319444444	-70.3657	42.8265	1	nan	121	12	0.225	5.89	0.07	2019
Vessel_5	372540	9	9	9	31	252.3965277778	-70.2827	42.7591	1	nan	60	10	1.75	7.8	0.17	2019
Vessel_5	372540	9	9	12	42	252.5291666667	-70.3902	42.852	1	nan	78	5	0.075	7.79	0.04	2019
Vessel_5	372540	9	9	15	16	252.6361111111	-70.3709	42.8291	1	nan	125	20	0.425	5.91	0.05	2019
Vessel_5	372540	9	10	11	19	253.4715277778	-70.3814	42.8359	1	nan	126	20	3.575	5.89	0.03	2019
Vessel_5	372540	9	10	15	5	253.6284722222	-70.3318	42.7997	1	nan	128	20	0.525	5.89	0.04	2019
Vessel_5	372540	9	27	10	33	270.4395833333	-70.2719	42.7628	1	nan	72	11	0.725	8.03	0.18	2019
Vessel_5	372540	9	27	13	48	270.575	-70.3187	42.7097	1	nan	73	12	1.875	8.07	0.13	2019
Vessel_5	372540	10	1	11	7	274.4631944444	-70.3801	42.7995	1	nan	78	7	3.225	6.74	0.2	2019
Vessel_5	372540	10	5	19	29	278.8118055556	-70.3895	42.854	1	nan	81	3	0.025	6.73	0	2019
Vessel_5	372540	10	14	9	47	287.4076388889	-70.2704	42.7638	1	nan	69	7	0.225	8.05	0	2019
Vessel_5	372540	10	21	9	46	294.4069444444	-70.2693	42.7634	1	nan	76	4	0.125	9.11	0.02	2019
Vessel_5	372540	10	24	13	52	297.5777777778	-70.3892	42.8458	1	nan	99	0	0.075	7.41	0	2019
Vessel_5	372540	10	25	15	20	298.6388888889	-70.3735	42.8337	1	nan	75	1	0.025	8.78	0	2019
Vessel_5	372540	12	17	11	51	351.49375	-70.2699	42.7635	1	nan	72	9	0.05	8.48	0	2019
Vessel_5	372540	1	3	13	37	3.5673611111	-70.2897	42.7595	1	nan	76	9	0.1	7.77	0.01	2020
Vessel_8	370530	11	12	13	51	316.5770833333	-70.3135	42.2901	1	nan	40	6	0.8	10.47	0.04	2018
Vessel_8	370530	6	12	18	17	163.7618055556	-70.1429	41.3808	1	nan	13	1	0.4	16.03	0.11	2019
Vessel_8	370530	6	13	10	42	164.4458333333	-70.2346	41.4934	1	nan	16	3	1.025	16.86	0.06	2019
Vessel_8	370530	6	20	8	10	171.3402777778	-70.276	41.6506	1	nan	14	2	3.025	17.23	0.71	2019
Vessel_8	370530	7	1	14	22	182.5986111111	-70.1962	41.5025	1	nan	18	2	0.1	19.93	0.01	2019
Vessel_8	370530	7	1	15	27	182.64375	-70.217	41.4891	1	nan	15	1	0.55	20.04	0.11	2019
Vessel_8	370530	7	3	15	47	184.6576388889	-70.1984	41.5016	1	nan	17	3	0.075	20.14	0.02	2019
Vessel_8	370530	7	8	13	31	189.5631944444	-70.1826	41.4998	1	nan	18	1	0.05	19.3	0.03	2019
Vessel_8	370530	7	10	11	28	191.4777777778	-70.1953	41.4948	1	nan	17	2	0.275	21.56	0.07	2019
Vessel_8	370530	7	10	15	13	191.6340277778	-70.1651	41.5749	1	nan	16	1	0.05	19.16	0.02	2019
Vessel_8	370530	7	15	15	21	196.6395833333	-70.1504	41.5141	1	nan	13	2	1.475	22.03	0.31	2019
Vessel_8	370530	7	22	11	10	203.4652777778	-70.1574	41.5681	1	nan	15	2	0.2	20.12	0.03	2019
Vessel_8	370530	7	23	11	8	204.4638888889	-70.118	41.5697	1	nan	13	1	0.975	20.39	0.32	2019
Vessel_8	370530	7	23	15	6	204.6291666667	-70.1231	41.5823	1	nan	16	1	0.125	19.94	0.05	2019
Vessel_8	370530	7	31	12	30	212.5208333333	-70.2415	41.4087	1	nan	24	1	0.2	23.11	0.04	2019
Vessel_8	370530	8	1	13	28	213.5611111111	-70.2289	41.4117	1	nan	23	2	0.15	23.25	0.03	2019
Vessel_8	370530	10	15	12	51	288.5354166667	-70.572	42.2961	1	nan	61	10	1.525	10.81	1.35	2019
Vessel_8	370530	11	4	16	30	308.6875	-70.3633	42.3646	1	nan	57	7	0.05	10.69	0.12	2019
Vessel_8	370530	11	11	14	32	315.6055555556	-70.3198	42.2424	1	nan	48	5	0.25	11.1	0.05	2019
Vessel_8	370530	12	21	15	37	355.6506944444	-70.3848	42.4299	1	nan	57	9	1.775	7.86	0.06	2019
Vessel_22	485560	1	2	15	4	1.6277778	-65.78688	43.61978	1	nan	1	1	68	4.72	3.05	2020
Vessel_22	485560	1	2	16	44	1.6972222	-65.78686	43.61977	1	nan	1	3	1	4	0.49	2020
Vessel_22	485560	1	2	16	49	1.7006944	-65.78688	43.61979	1	nan	1	0	0	3.33	0.03	2020
Vessel_22	485560	1	2	16	53	1.7034722	-65.78688	43.6198	1	nan	1	0	0	3.44	0.01	2020
Vessel_22	485560	1	2	16	55	1.7048611	-65.78691	43.61981	1	nan	1	0	0	3.51	0	2020
Vessel_22	485560	1	2	16	59	1.7076389	-65.78691	43.61985	1	nan	1	0	0	3.57	0	2020
Vessel_22	485560	1	2	17	4	1.7111111	-65.78691	43.6198	1	nan	1	0	0	3.62	0	2020
Vessel_22	485560	1	2	17	6	1.7125	-65.78691	43.6198	1	nan	1	0	0	3.65	0.01	2020
Vessel_22	485560	1	2	17	10	1.7152778	-65.78693	43.61983	1	nan	1	0	0	3.72	0.01	2020
Vessel_22	485560	1	2	17	14	1.7180556	-65.78688	43.6198	1	nan	1	0	0	3.76	0	2020
Vessel_22	485560	1	2	17	18	1.7208333	-65.78693	43.6198	1	nan	1	0	0	3.77	0	2020
Vessel_22	485560	1	2	17	23	1.7243056	-65.78688	43.61982	1	nan	1	0	0	3.78	0	2020
Vessel_22	485560	1	2	17	25	1.7256944	-65.78691	43.61979	1	nan	1	0	0	3.81	0.01	2020
Vessel_22	485560	1	2	17	36	1.7333333	-65.78693	43.61981	1	nan	1	0	0	3.87	0	2020
Vessel_22	485560	1	2	17	42	1.7375	-65.78695	43.61985	1	nan	1	0	0	3.86	0	2020
Vessel_22	485560	1	2	17	46	1.7402778	-65.78695	43.61984	1	nan	1	0	0	3.94	0	2020
Vessel_22	485560	1	2	17	50	1.7430556	-65.78693	43.61986	1	nan	1	0	0	3.96	0.01	2020
Vessel_22	485560	1	2	17	55	1.7465278	-65.78693	43.61984	1	nan	1	0	0	4.03	0	2020
Vessel_22	485560	1	2	18	1	1.7506944	-65.78691	43.61986	1	nan	1	0	0	4.11	0.01	2020
Vessel_22	485560	1	2	18	5	1.7534722	-65.78695	43.61985	1	nan	1	0	0	4.26	0.01	2020
Vessel_22	485560	1	2	18	12	1.7583333	-65.78691	43.61986	1	nan	1	0	0	4.37	0.01	2020
Vessel_22	485560	1	2	18	18	1.7625	-65.78693	43.61983	1	nan	1	0	0	4.43	0.02	2020
Vessel_3	292950	1	3	14	36	2.6083333	-71.43491	41.0452	1	nan	48	7	2.1	8.46	0.22	2020
Vessel_5	311980	1	3	16	17	2.6784722	-70.29978	42.73395	1	nan	58	8	2.4	7.75	0.02	2020
Vessel_3	292950	1	3	17	21	2.7229167	-71.57606	41.04091	1	nan	50	6	2.2	8.44	0.19	2020
Vessel_3	292950	1	3	19	35	2.8159722	-71.44385	41.04877	1	nan	49	5	1.7	8.34	0.15	2020
Vessel_3	292950	1	3	21	52	2.9111111	-71.55043	41.07276	1	nan	46	7	1.4	8.3	0.12	2020
Vessel_11	310310	1	4	6	58	3.2902778	-70.55909	40.26542	1	nan	109	6	2	15.33	0.25	2020
Vessel_11	310310	1	4	11	54	3.4958333	-70.30696	40.23299	1	nan	102	9	4.6	14.6	0.22	2020
Vessel_5	311980	1	4	13	5	3.5451389	-70.35966	42.67941	1	nan	64	10	2.4	7.73	0.02	2020
Vessel_11	310310	1	4	16	23	3.6826389	-70.44461	40.27436	1	nan	100	4	4.1	14.49	0.14	2020
Vessel_5	311980	1	4	16	46	3.6986111	-70.36644	42.67262	1	nan	62	10	3.5	7.59	0.11	2020
Vessel_6	610720	1	4	18	3	3.7520833	-71.3677	41.02764	1	nan	50	10	4.7	8.59	0.2	2020
Vessel_11	310310	1	4	20	43	3.8631944	-70.2657	40.23332	1	nan	100	10	3.8	14.45	0.1	2020
Vessel_6	610720	1	4	22	43	3.9465278	-71.38789	41.09415	1	nan	49	6	2.9	8.72	0.31	2020
Vessel_11	310310	1	5	1	40	4.0694444	-70.51291	40.27854	1	nan	101	5	4.5	14.6	0.21	2020
Vessel_20	613890	1	4	20	28	3.8527778	-69.91349	43.13718	1	nan	214	32	5.7	8.07	0.06	2020
Vessel_11	310310	1	5	7	4	4.2944444	-70.28186	40.2205	1	nan	100	3	4.9	14.61	0.18	2020
Vessel_11	310310	1	5	8	17	4.3451389	-70.30832	40.22833	1	nan	102	4	0.7	14.37	0.01	2020
Vessel_5	311980	1	6	12	58	5.5402778	-70.30078	42.73313	1	nan	75	8	2.4	7.45	0.01	2020
Vessel_9	377520	1	6	14	17	5.5951389	-72.41612	39.40394	1	nan	139	21	1	15.18	0.07	2020
Vessel_5	311980	1	6	16	4	5.6694444	-70.26939	42.77225	1	nan	60	5	2.9	7.45	0.02	2020
Vessel_9	377520	1	6	18	55	5.7881944	-72.46234	39.36332	1	nan	140	25	1.5	15.2	0.06	2020
Vessel_9	377520	1	7	1	47	6.0743056	-72.50065	39.34929	1	nan	138	17	2.1	15.27	0.11	2020
Vessel_9	377520	1	7	3	19	6.1381944	-72.45372	39.39149	1	nan	137	39	0.7	15.31	0.07	2020
Vessel_9	377520	1	7	7	57	6.33125	-72.37722	39.49251	1	nan	137	29	1.9	15.22	0.12	2020
Vessel_9	377520	1	7	11	52	6.4944444	-72.52444	39.37472	1	nan	138	13	2.2	15.23	0.11	2020
Vessel_9	377520	1	7	12	31	6.5215278	-72.50824	39.37703	1	nan	130	36	0.2	14.97	0.28	2020
Vessel_3	292950	1	7	14	59	6.6243056	-71.43294	41.02435	1	nan	49	7	2.5	8.8	0.18	2020
Vessel_11	310310	1	7	6	17	6.2618056	-71.30464	40.14508	1	nan	97	11	0.8	15.21	0.02	2020
Vessel_9	377520	1	7	15	26	6.6430556	-72.43187	39.48044	1	nan	135	20	1.7	15.22	0.1	2020
Vessel_9	377520	1	7	17	18	6.7208333	-72.41909	39.4211	1	nan	132	35	0.8	15.13	0.05	2020
Vessel_3	292950	1	7	17	24	6.725	-71.5238	41.04849	1	nan	49	6	1.9	8.89	0.16	2020
Vessel_9	377520	1	7	18	59	6.7909722	-72.43363	39.4982	1	nan	132	35	1	15.08	0.09	2020
Vessel_3	292950	1	7	19	50	6.8263889	-71.41479	41.21585	1	nan	45	4	1	7.88	0.24	2020
Vessel_9	377520	1	7	20	58	6.8736111	-72.41153	39.41892	1	nan	132	31	1	15.03	0.17	2020
Vessel_21	619600	1	7	21	56	6.9138889	-69.62429	43.09935	1	nan	95	8	73	8.05	0.01	2020
Vessel_9	377520	1	7	22	50	6.9513889	-72.45563	39.49482	1	nan	131	23	1.1	14.99	0.16	2020
Vessel_9	377520	1	8	2	29	7.1034722	-72.51689	39.37723	1	nan	133	31	1.8	15.22	0.1	2020
