,vessel,datet,lat,lon,depth,depth_range,hours,mean_temp,std_temp
0,Vessel_11,2018-09-15 13:03:09,41.8385,-67.9171,50.0,8.0,3.2,13.32,0.57
1,Vessel_11,2018-09-15 16:35:24,41.8424,-67.9178,52.0,8.0,2.925,12.74,0.75
2,Vessel_11,2018-09-18 13:59:05,41.9851,-67.7393,60.0,4.0,1.1,9.23,0.19
3,Vessel_11,2018-10-09 13:29:28,39.8353,-72.1026,95.0,6.0,2.75,12.83,0.03
4,Vessel_11,2018-10-20 13:01:27,39.7952,-72.237,93.0,6.0,1.95,12.88,0.23
5,Vessel_11,2018-10-20 17:07:07,39.7717,-72.2786,94.0,5.0,3.35,12.8,0.19
6,Vessel_11,2018-10-20 22:21:57,39.7955,-72.2511,91.0,5.0,4.625,12.94,0.27
7,Vessel_11,2018-12-20 06:10:09,40.8155,-71.1818,60.0,4.0,3.75,10.14,0.05
8,Vessel_11,2019-02-03 13:11:40,39.5403,-72.3365,166.0,22.0,0.65,12.81,0.15
9,Vessel_11,2019-02-07 07:50:00,39.0818,-72.7394,151.0,25.0,3.575,13.22,0.08
10,Vessel_11,2019-02-07 12:39:37,39.0407,-72.7897,154.0,23.0,0.425,12.54,0.13
11,Vessel_11,2019-02-07 17:53:03,38.9427,-72.8677,175.0,24.0,1.35,13.01,0.18
12,Vessel_11,2019-02-15 12:32:31,39.9178,-71.653,155.0,21.0,2.95,13.19,0.03
13,Vessel_11,2019-02-15 13:52:19,39.9129,-71.7823,138.0,4.0,0.525,13.08,0.02
14,Vessel_11,2019-02-20 17:06:13,39.9856,-71.7868,99.0,11.0,2.55,12.61,0.22
15,Vessel_11,2019-03-07 05:55:27,39.4024,-72.3515,147.0,21.0,3.6,13.33,0.09
16,Vessel_11,2019-03-15 18:05:45,42.0791,-69.7917,183.0,24.0,0.8,6.6,0.07
17,Vessel_11,2019-03-15 21:59:43,42.0219,-69.7616,169.0,10.0,2.75,6.81,0.06
18,Vessel_11,2019-03-17 05:24:39,42.2196,-69.7815,212.0,33.0,7.05,7.53,0.31
19,Vessel_11,2019-03-20 23:16:15,42.205,-69.7678,219.0,32.0,3.6,7.6,0.23
20,Vessel_11,2019-03-26 05:13:39,40.1576,-71.2442,114.0,5.0,2.95,12.89,0.07
21,Vessel_11,2019-03-26 06:02:13,40.117,-71.2852,47.0,4.0,0.1,8.3,0.7
22,Vessel_11,2019-03-26 15:14:38,39.9311,-71.4478,223.0,10.0,4.75,11.29,0.47
23,Vessel_11,2019-03-27 00:48:45,40.7426,-71.5134,64.0,2.0,0.7,6.6,0.05
24,Vessel_11,2019-03-28 00:29:22,40.2227,-71.1659,114.0,3.0,0.95,12.83,0.04
25,Vessel_11,2019-03-28 03:34:59,40.1602,-71.237,115.0,12.0,2.475,12.99,0.18
26,Vessel_11,2019-03-31 04:54:51,40.2965,-70.5838,108.0,6.0,1.65,10.11,0.22
27,Vessel_11,2019-04-23 11:21:42,40.0205,-71.8389,91.0,5.0,2.95,7.22,0.41
28,Vessel_11,2019-04-23 19:40:10,39.9292,-71.9233,106.0,15.0,1.675,9.28,0.92
29,Vessel_11,2019-04-30 07:50:17,40.3172,-70.7595,115.0,8.0,1.225,10.58,0.2
30,Vessel_11,2019-05-02 22:19:06,39.268,-72.8278,83.0,3.0,1.425,10.19,0.11
31,Vessel_11,2019-06-07 08:58:50,41.821000000000005,-67.6599,38.0,6.0,1.075,9.67,0.12
32,Vessel_11,2019-06-09 04:12:33,41.8159,-67.6757,37.0,6.0,3.825,10.02,0.04
33,Vessel_11,2019-06-15 03:40:58,41.8506,-67.4574,51.0,8.0,1.25,10.65,0.04
34,Vessel_11,2019-06-16 00:23:58,41.8711,-67.4831,50.0,8.0,1.425,10.28,0.04
35,Vessel_11,2019-06-16 03:09:31,41.8586,-67.4631,51.0,8.0,1.7,10.3,0.08
36,Vessel_11,2019-06-16 15:29:15,41.8671,-67.4772,51.0,8.0,1.925,10.37,0.03
37,Vessel_11,2019-06-18 05:14:34,41.8557,-67.4577,50.0,8.0,1.525,10.57,0.03
38,Vessel_11,2019-06-22 15:29:27,41.2339,-70.2538,21.0,3.0,1.85,13.76,0.51
39,Vessel_11,2019-07-01 00:52:56,41.1687,-70.1682,23.0,4.0,2.85,13.86,0.5
40,Vessel_11,2019-07-01 18:53:16,41.1554,-70.1722,23.0,1.0,0.45,14.1,0.08
41,Vessel_11,2019-07-02 14:41:58,41.1601,-70.1871,23.0,4.0,0.7,14.21,0.05
42,Vessel_11,2019-07-03 00:53:00,41.2094,-70.2705,25.0,3.0,2.075,13.46,0.27
43,Vessel_11,2019-07-09 21:04:32,41.1422,-70.2088,26.0,4.0,3.475,14.58,0.46
44,Vessel_11,2019-07-11 00:41:04,41.1237,-70.1884,25.0,4.0,4.675,14.5,0.93
45,Vessel_11,2019-07-11 19:03:07,41.2101,-70.3156,28.0,4.0,1.6,14.95,0.33
46,Vessel_11,2019-07-12 12:42:51,41.1977,-70.2766,27.0,4.0,3.65,14.79,0.5
47,Vessel_11,2019-07-12 16:33:06,41.1889,-70.2625,26.0,4.0,3.325,14.3,0.5
48,Vessel_11,2019-07-13 00:39:01,41.1279,-70.1954,25.0,4.0,3.025,14.8,0.38
49,Vessel_11,2019-07-13 11:02:26,41.1332,-70.211,26.0,3.0,1.9,14.97,0.31
50,Vessel_11,2019-07-13 13:04:54,41.1161,-70.2021,25.0,4.0,1.75,14.98,0.41
51,Vessel_11,2019-07-13 21:26:21,41.1303,-70.1808,26.0,2.0,1.1,15.39,0.08
52,Vessel_11,2019-07-14 00:43:37,41.1404,-70.2081,26.0,4.0,2.425,14.99,0.17
53,Vessel_11,2019-07-17 11:37:10,41.0024,-70.1334,24.0,4.0,2.0,16.2,0.63
54,Vessel_11,2019-07-19 11:29:44,41.1701,-70.286,28.0,4.0,2.05,13.12,0.38
55,Vessel_11,2019-07-20 11:06:10,40.9958,-70.1357,23.0,3.0,1.725,15.76,0.21
56,Vessel_11,2019-07-20 13:45:16,41.028,-70.1326,23.0,4.0,2.125,16.8,0.61
57,Vessel_11,2019-07-21 12:32:25,41.0078,-70.1515,24.0,3.0,3.225,15.38,0.83
58,Vessel_11,2019-08-17 01:52:37,41.5021,-68.4989,91.0,13.0,3.275,9.72,0.43
59,Vessel_14,2019-07-08 14:04:17,42.1632,-70.2865,24.0,4.0,144.55,7.32,0.39
60,Vessel_14,2019-07-31 14:31:34,42.1637,-70.2841,24.0,3.0,144.05,8.28,0.34
61,Vessel_14,2019-08-06 14:59:49,42.1641,-70.2837,25.0,3.0,142.425,8.61,0.39
62,Vessel_14,2019-08-22 15:04:01,42.1643,-70.2848,24.0,3.0,143.9,8.8,0.38
63,Vessel_14,2019-10-14 14:39:32,42.1656,-70.2829,25.0,4.0,145.1,13.54,0.53
64,Vessel_14,2019-10-24 13:54:09,42.1651,-70.2831,24.0,4.0,238.85,13.24,0.32
65,Vessel_14,2019-11-07 14:00:26,42.1329,-70.3041,64.0,4.0,216.4,11.6,0.61
66,Vessel_16,2019-03-19 19:44:00,42.1554,-69.6621,219.0,2.0,5.517,7.87,0.06
67,Vessel_16,2019-03-20 21:46:00,42.3767,-69.62,219.0,0.0,6.067,7.96,0.07
68,Vessel_16,2019-03-27 19:33:00,41.9617,-67.9643,174.0,23.0,3.133,6.31,0.31
69,Vessel_16,2019-04-11 00:15:00,41.5098,-70.0308,165.0,21.0,1.2329999999999999,5.82,0.06
70,Vessel_16,2019-04-25 11:28:00,41.8742,-67.4227,69.0,9.0,0.16699999999999998,6.67,0.0
71,Vessel_16,2019-04-26 07:33:00,42.1186,-67.5256,61.0,10.0,15.067,6.72,0.04
72,Vessel_16,2019-04-29 13:13:00,41.6322,-70.9125,174.0,16.0,4.2330000000000005,8.03,0.77
73,Vessel_16,2019-05-03 00:19:00,41.5357,-69.0551,153.0,19.0,1.067,5.41,0.04
74,Vessel_16,2019-05-04 12:16:00,41.6136,-68.681,62.0,9.0,0.733,7.34,0.0
75,Vessel_16,2019-05-05 10:42:00,41.5246,-69.17,157.0,26.0,2.017,7.31,0.73
76,Vessel_16,2019-05-13 10:32:00,41.3139,-69.0932,149.0,24.0,16.35,5.57,0.06
77,Vessel_16,2019-06-01 10:14:00,41.9938,-67.3464,50.0,8.0,10.617,9.27,0.11
78,Vessel_16,2019-06-02 06:02:00,41.8193,-67.414,51.0,8.0,8.267000000000001,9.32,0.12
79,Vessel_16,2019-06-02 23:29:00,41.8662,-67.4303,62.0,10.0,0.38299999999999995,9.32,0.01
80,Vessel_16,2019-06-04 16:01:00,41.2859,-69.1068,146.0,18.0,2.9330000000000003,5.26,0.15
81,Vessel_17,2019-04-02 23:03:44,41.0596,-71.5772,41.0,6.0,1.925,6.7,0.07
82,Vessel_17,2019-04-07 06:50:33,40.2623,-71.1362,98.0,2.0,0.875,12.48,0.1
83,Vessel_17,2019-04-17 22:10:27,41.0776,-71.623,38.0,6.0,1.8,5.97,0.3
84,Vessel_17,2019-04-17 23:29:39,41.0816,-71.6347,39.0,3.0,0.75,5.77,0.03
85,Vessel_17,2019-04-28 21:00:10,41.3104,-71.5794,34.0,0.0,0.025,7.24,0.0
86,Vessel_17,2019-05-04 12:42:05,41.3015,-71.6233,34.0,5.0,2.025,7.33,0.12
87,Vessel_17,2019-05-07 11:04:55,41.3875,-71.4498,25.0,4.0,0.95,9.39,0.12
88,Vessel_17,2019-05-24 14:41:44,41.3523,-71.593,22.0,3.0,0.5,9.56,0.23
89,Vessel_17,2019-05-29 11:38:13,41.3165,-71.6751,23.0,4.0,1.925,12.0,1.2
90,Vessel_17,2019-06-02 17:50:11,41.3109,-71.7433,23.0,4.0,0.1,12.41,0.1
91,Vessel_17,2019-06-03 13:41:47,41.3118,-71.7485,21.0,1.0,0.05,11.5,0.01
92,Vessel_17,2019-06-05 15:03:36,41.3137,-71.7569,19.0,3.0,1.875,11.88,0.09
93,Vessel_17,2019-06-09 12:56:13,41.31100000000001,-71.749,20.0,3.0,1.1,13.07,0.12
94,Vessel_17,2019-06-12 11:46:45,41.3903,-71.4476,24.0,4.0,1.95,13.47,0.21
95,Vessel_17,2019-06-18 12:04:29,41.3164,-71.7285,20.0,2.0,0.725,14.61,0.06
96,Vessel_17,2019-06-18 14:33:28,41.3386,-71.5979,21.0,3.0,0.65,14.58,0.16
97,Vessel_17,2019-06-19 12:00:56,41.3158,-71.6757,25.0,4.0,0.15,14.63,0.02
98,Vessel_17,2019-06-19 14:19:58,41.3091,-71.7669,19.0,3.0,1.9,14.75,0.2
99,Vessel_17,2019-06-19 16:20:43,41.3406,-71.594,24.0,2.0,0.15,14.33,0.16
100,Vessel_17,2019-06-22 12:52:58,41.3152,-71.6763,25.0,4.0,0.375,14.58,0.08
101,Vessel_17,2019-06-26 18:20:44,41.3165,-71.6674,27.0,4.0,0.2,13.71,0.07
102,Vessel_17,2019-06-29 20:03:45,41.3933,-71.4463,24.0,4.0,1.5,14.44,0.2
103,Vessel_17,2019-07-01 22:03:24,41.3119,-71.7281,28.0,4.0,0.175,14.66,0.18
104,Vessel_17,2019-07-06 13:20:43,41.3041,-71.7398,29.0,4.0,0.275,15.52,0.03
105,Vessel_17,2019-07-06 15:45:53,41.3818,-71.5128,25.0,1.0,0.925,15.52,0.24
106,Vessel_17,2019-07-11 13:39:27,41.302,-71.79,23.0,1.0,0.125,16.55,0.09
107,Vessel_17,2019-07-13 12:12:01,41.3059,-71.7549,26.0,4.0,2.45,15.57,0.27
108,Vessel_17,2019-07-15 13:05:49,41.3107,-71.7196,27.0,4.0,2.2,15.33,0.23
109,Vessel_17,2019-07-16 11:53:24,41.3153,-71.6766,26.0,4.0,0.325,15.13,0.02
110,Vessel_17,2019-07-18 13:16:16,41.3096,-71.7382,24.0,4.0,3.125,15.26,0.78
111,Vessel_17,2019-07-18 15:49:14,41.3325,-71.5944,24.0,4.0,1.2,15.04,0.27
112,Vessel_17,2019-07-19 18:11:59,41.3278,-71.5752,29.0,5.0,0.2,15.5,0.08
113,Vessel_17,2019-07-20 12:05:44,41.3152,-71.6825,25.0,4.0,0.475,16.0,0.54
114,Vessel_17,2019-07-23 17:27:34,41.3103,-71.7385,28.0,0.0,0.025,14.51,0.0
115,Vessel_17,2019-07-26 16:46:37,41.2986,-71.8189,26.0,4.0,1.625,16.04,0.3
116,Vessel_17,2019-07-29 12:23:08,41.3077,-71.751,26.0,4.0,2.375,16.03,0.53
117,Vessel_17,2019-07-31 13:12:08,41.3096,-71.7525,23.0,4.0,2.35,15.14,0.8
118,Vessel_17,2019-08-04 18:29:35,41.3139,-71.6691,27.0,0.0,0.025,18.41,0.0
119,Vessel_17,2019-08-05 12:50:23,41.3912,-71.446,26.0,4.0,1.15,16.14,1.13
120,Vessel_17,2019-08-07 12:37:28,41.3126,-71.7534,20.0,3.0,1.1,19.14,0.13
121,Vessel_17,2019-08-07 15:29:37,41.3121,-71.7391,26.0,4.0,1.275,18.54,0.32
122,Vessel_17,2019-08-07 18:08:11,41.3067,-71.767,26.0,4.0,1.225,17.93,0.78
123,Vessel_17,2019-08-07 20:39:37,41.3077,-71.7506,24.0,4.0,2.05,18.12,0.56
124,Vessel_17,2019-08-16 20:56:00,41.2936,-71.6149,34.0,5.0,0.475,14.16,0.16
125,Vessel_17,2019-08-18 11:31:12,41.2311,-71.6957,38.0,4.0,0.15,14.67,0.1
126,Vessel_17,2019-08-21 12:23:55,41.3779,-71.4552,24.0,4.0,2.225,17.39,0.48
127,Vessel_17,2019-08-22 13:32:44,41.3899,-71.4471,25.0,4.0,3.05,16.59,0.5
128,Vessel_17,2019-08-23 13:04:05,41.3812,-71.4552,25.0,4.0,1.975,15.73,1.15
129,Vessel_17,2019-08-25 11:49:49,41.2719,-71.5442,44.0,7.0,0.875,13.11,0.11
130,Vessel_17,2019-08-29 17:35:17,41.2766,-71.4824,41.0,6.0,1.55,13.25,0.5
131,Vessel_17,2019-08-31 11:53:53,41.2796,-71.4059,36.0,5.0,0.875,13.18,0.15
132,Vessel_17,2019-09-03 12:13:02,41.2473,-71.4562,39.0,6.0,1.55,14.66,0.36
133,Vessel_17,2019-09-04 12:41:08,41.2344,-71.4605,38.0,3.0,1.4,14.25,0.73
134,Vessel_17,2019-09-04 15:17:55,41.2983,-71.4764,38.0,6.0,1.925,16.72,1.08
135,Vessel_17,2019-09-12 12:48:06,41.2364,-71.6039,42.0,5.0,0.675,16.52,0.57
136,Vessel_17,2019-09-12 16:57:41,41.345,-71.6217,14.0,1.0,0.45,19.07,0.07
137,Vessel_17,2019-09-13 13:37:46,41.2419,-71.6618,36.0,5.0,1.475,16.6,0.21
138,Vessel_17,2019-09-14 12:22:35,41.2274,-71.697,35.0,3.0,1.65,17.11,0.1
139,Vessel_17,2019-09-26 11:48:16,41.2796,-71.4178,38.0,6.0,0.95,12.59,0.33
140,Vessel_17,2019-09-26 13:20:57,41.2852,-71.4077,37.0,4.0,0.675,12.48,0.22
141,Vessel_17,2019-09-26 16:24:15,41.2547,-71.5187,40.0,6.0,2.05,13.1,0.54
142,Vessel_17,2019-09-26 18:26:45,41.2836,-71.54899999999999,44.0,6.0,0.95,14.91,1.09
143,Vessel_17,2019-09-27 12:14:03,41.2682,-71.5356,42.0,7.0,1.3,15.36,1.07
144,Vessel_17,2019-09-27 14:53:20,41.2616,-71.4957,40.0,5.0,1.9,12.98,0.69
145,Vessel_17,2019-09-29 11:57:06,41.2937,-71.73,35.0,3.0,0.425,17.04,0.11
146,Vessel_17,2019-09-29 13:03:46,41.2817,-71.8097,42.0,3.0,0.275,17.07,0.03
147,Vessel_17,2019-09-29 15:23:08,41.2811,-71.8255,42.0,7.0,1.45,17.04,0.07
148,Vessel_17,2019-09-29 17:01:32,41.275,-71.7796,40.0,6.0,1.05,17.04,0.1
149,Vessel_17,2019-09-30 13:00:28,41.2821,-71.8171,42.0,4.0,0.275,17.23,0.02
150,Vessel_17,2019-09-30 16:11:07,41.2803,-71.6531,38.0,4.0,1.45,17.28,0.08
151,Vessel_17,2019-09-30 17:14:31,41.2831,-71.5626,42.0,6.0,0.425,15.18,0.21
152,Vessel_17,2019-09-30 18:50:26,41.2333,-71.658,33.0,2.0,0.675,16.98,0.03
153,Vessel_17,2019-10-01 12:20:47,41.2795,-71.6004,42.0,6.0,0.725,17.05,0.15
154,Vessel_17,2019-10-01 14:04:04,41.2502,-71.6281,44.0,7.0,0.175,17.11,0.02
155,Vessel_17,2019-10-01 17:16:13,41.24,-71.6614,35.0,3.0,1.05,17.85,0.4
156,Vessel_17,2019-10-03 14:39:01,41.232,-71.7249,34.0,4.0,1.7,17.07,0.49
157,Vessel_17,2019-10-03 16:50:19,41.2648,-71.6373,39.0,6.0,1.65,17.03,0.06
158,Vessel_17,2019-10-04 12:17:45,41.286,-71.5517,43.0,4.0,0.65,16.66,0.68
159,Vessel_17,2019-10-04 13:49:24,41.2705,-71.4911,43.0,3.0,1.025,14.41,0.45
160,Vessel_17,2019-10-04 15:51:01,41.2785,-71.5079,43.0,6.0,1.025,14.3,0.15
161,Vessel_17,2019-10-05 12:14:30,41.2795,-71.5155,43.0,3.0,0.275,15.97,0.23
162,Vessel_17,2019-10-05 13:52:44,41.2705,-71.4533,40.0,5.0,1.175,15.32,0.07
163,Vessel_17,2019-10-05 15:31:16,41.2659,-71.4765,42.0,4.0,1.15,15.27,0.06
164,Vessel_17,2019-10-05 17:04:13,41.2897,-71.5253,43.0,6.0,0.55,15.36,0.24
165,Vessel_17,2019-10-13 11:52:54,41.2676,-71.5094,44.0,3.0,0.825,16.75,0.01
166,Vessel_17,2019-10-13 13:39:21,41.2724,-71.4448,41.0,5.0,1.275,16.68,0.05
167,Vessel_17,2019-10-13 17:14:15,41.2689,-71.5274,43.0,6.0,2.475,16.69,0.04
168,Vessel_17,2019-10-14 12:58:01,41.2933,-71.7338,34.0,4.0,0.5,16.77,0.01
169,Vessel_17,2019-10-14 14:34:10,41.2812,-71.8141,42.0,5.0,0.65,16.68,0.0
170,Vessel_17,2019-10-14 16:41:39,41.2722,-71.7583,38.0,6.0,1.1,16.67,0.04
171,Vessel_17,2019-10-14 19:44:45,41.3091,-71.5781,36.0,6.0,2.4,16.7,0.11
172,Vessel_17,2019-10-15 12:27:37,41.2823,-71.40899999999999,37.0,4.0,0.675,16.32,0.05
173,Vessel_17,2019-10-15 14:54:03,41.2367,-71.4637,38.0,1.0,0.15,16.29,0.07
174,Vessel_17,2019-10-15 17:36:02,41.2761,-71.5251,43.0,7.0,1.775,16.53,0.02
175,Vessel_17,2019-10-16 12:13:09,41.2748,-71.5117,44.0,4.0,0.775,16.52,0.01
176,Vessel_17,2019-10-16 14:09:51,41.2718,-71.4526,41.0,5.0,1.425,16.36,0.04
177,Vessel_17,2019-10-16 16:43:42,41.2848,-71.5116,42.0,6.0,2.1,16.37,0.06
178,Vessel_17,2019-10-19 15:14:45,41.2732,-71.4809,42.0,6.0,1.25,15.93,0.09
179,Vessel_17,2019-10-19 17:34:58,41.3042,-71.5419,37.0,6.0,1.75,15.98,0.12
180,Vessel_17,2019-10-19 19:08:16,41.3124,-71.5696,32.0,5.0,0.225,16.1,0.0
181,Vessel_17,2019-10-20 12:11:53,41.3403,-71.4118,32.0,3.0,1.25,15.88,0.07
182,Vessel_17,2019-10-20 16:04:54,41.2758,-71.4319,39.0,5.0,0.95,16.0,0.12
183,Vessel_17,2019-10-20 17:57:48,41.3648,-71.4192,33.0,4.0,1.275,15.85,0.06
184,Vessel_17,2019-10-25 16:35:51,41.2802,-71.7984,42.0,5.0,0.425,15.65,0.01
185,Vessel_17,2019-10-25 19:37:01,41.2785,-71.7412,39.0,7.0,2.0,15.65,0.04
186,Vessel_17,2019-10-26 12:54:53,41.2833,-71.6754,37.0,6.0,1.825,15.67,0.03
187,Vessel_17,2019-10-26 14:59:22,41.2725,-71.7928,39.0,6.0,1.625,15.7,0.03
188,Vessel_17,2019-10-26 18:52:28,41.2932,-71.6331,39.0,6.0,1.2,15.66,0.02
189,Vessel_17,2019-10-28 12:28:14,41.3073,-71.5937,33.0,5.0,1.2,15.34,0.18
190,Vessel_17,2019-10-28 15:11:39,41.2809,-71.8068,42.0,6.0,0.675,15.72,0.0
191,Vessel_17,2019-11-09 18:10:00,41.3151,-71.5326,41.0,2.0,0.067,14.74,0.02
192,Vessel_17,2019-11-11 14:54:00,41.29600000000001,-71.7271,34.0,5.0,0.95,14.17,0.07
193,Vessel_17,2019-11-19 16:50:00,41.2795,-71.782,42.0,5.0,0.2,12.94,0.0
194,Vessel_17,2019-11-20 15:36:00,41.2805,-71.7991,42.0,6.0,0.6,12.98,0.07
195,Vessel_17,2019-12-04 12:21:00,41.2854,-71.5587,43.0,5.0,0.45,10.37,0.01
196,Vessel_17,2019-12-04 15:34:00,41.2816,-71.5505,44.0,5.0,0.833,10.52,0.09
197,Vessel_17,2019-12-04 19:40:00,41.3078,-71.5729,35.0,5.0,1.167,10.38,0.07
198,Vessel_17,2019-12-05 13:28:00,41.2934,-71.6256,41.0,4.0,0.05,10.38,0.01
199,Vessel_17,2019-12-05 15:15:00,41.297,-71.6117,38.0,2.0,0.033,9.94,0.05
200,Vessel_17,2019-12-05 17:39:00,41.3066,-71.5759,35.0,6.0,1.767,10.21,0.04
201,Vessel_17,2019-12-05 19:12:00,41.2954,-71.6145,42.0,3.0,0.083,10.13,0.0
202,Vessel_17,2019-12-06 12:59:00,41.2699,-71.5079,42.0,6.0,1.117,9.76,0.06
203,Vessel_17,2019-12-12 19:44:00,41.2751,-71.5447,44.0,5.0,0.483,8.93,0.1
204,Vessel_17,2019-12-13 13:50:00,41.2806,-71.6571,43.0,6.0,0.05,8.9,0.01
205,Vessel_17,2020-01-03 16:14:00,41.2758,-71.4904,41.0,6.0,1.633,7.81,0.25
206,Vessel_17,2020-01-03 19:39:00,41.2814,-71.5229,43.0,7.0,1.85,7.66,0.22
207,Vessel_19,2019-05-03 07:16:00,40.4354,-70.8146,84.0,7.0,824.3330000000001,5.62,0.31
208,Vessel_19,2019-12-07 22:55:00,40.3791,-70.758,92.0,6.0,375.217,15.09,1.21
209,Vessel_19,2019-12-17 21:04:00,40.3736,-70.7674,93.0,2.0,237.65,14.9,0.62
210,Vessel_19,2019-12-29 17:26:00,40.374,-70.7672,93.0,3.0,283.967,12.84,2.12
211,Vessel_20,2018-12-14 03:28:30,43.0126,-69.30199999999999,193.0,32.0,6.125,8.36,0.06
212,Vessel_20,2018-12-14 11:33:30,43.0081,-69.3353,197.0,33.0,7.175,8.34,0.02
213,Vessel_20,2018-12-14 19:27:30,43.0223,-69.2337,197.0,32.0,6.825,8.36,0.02
214,Vessel_20,2018-12-31 13:26:30,43.0227,-69.2602,192.0,31.0,7.45,8.52,0.02
215,Vessel_20,2018-12-31 21:18:30,43.0251,-69.2542,193.0,32.0,7.1,8.52,0.02
216,Vessel_20,2019-01-03 12:14:00,42.9685,-69.954,214.0,21.0,7.275,8.19,0.11
217,Vessel_20,2019-01-03 20:00:00,42.9242,-69.9307,219.0,20.0,6.975,8.25,0.08
218,Vessel_20,2019-01-04 03:54:30,42.9407,-69.9225,218.0,29.0,7.1,8.19,0.09
219,Vessel_20,2019-01-04 14:01:30,42.9281,-69.9298,213.0,23.0,7.275,8.1,0.1
220,Vessel_20,2019-01-04 21:57:30,42.9184,-69.9422,210.0,33.0,7.175,8.03,0.06
221,Vessel_20,2019-01-05 08:27:30,42.9544,-69.9265,220.0,31.0,9.775,8.02,0.04
222,Vessel_20,2019-01-18 15:31:00,43.0089,-69.3041,195.0,32.0,6.875,8.32,0.04
223,Vessel_20,2019-01-18 22:47:00,42.9988,-69.311,193.0,32.0,6.475,8.31,0.04
224,Vessel_20,2019-01-19 06:59:30,43.6514,-70.2543,192.0,32.0,7.45,8.31,0.05
225,Vessel_20,2019-02-11 12:08:30,42.9537,-69.9393,210.0,30.0,5.575,8.09,0.02
226,Vessel_20,2019-02-11 18:47:00,42.952,-69.9475,206.0,33.0,5.875,8.09,0.02
227,Vessel_20,2019-02-12 01:37:00,43.0031,-69.9455,209.0,27.0,6.025,8.1,0.02
228,Vessel_20,2019-03-18 12:22:00,43.0269,-69.8745,205.0,26.0,4.075,7.81,0.07
229,Vessel_20,2019-03-18 19:56:00,42.9706,-69.7748,184.0,27.0,6.825,7.14,0.28
230,Vessel_20,2019-03-19 03:41:30,42.9694,-69.8902,216.0,26.0,6.025,7.9,0.08
231,Vessel_20,2019-03-19 11:18:00,42.9463,-69.8624,219.0,19.0,6.35,7.91,0.07
232,Vessel_20,2019-03-19 18:30:30,42.9868,-69.7907,204.0,33.0,6.4,7.57,0.33
233,Vessel_20,2019-05-08 17:42:00,42.958,-69.8562,213.0,33.0,5.85,7.78,0.11
234,Vessel_20,2019-05-09 00:03:30,42.9157,-69.9416,214.0,29.0,4.45,7.78,0.09
235,Vessel_20,2019-05-09 09:38:00,42.8967,-69.9137,219.0,25.0,8.55,7.86,0.03
236,Vessel_21,2018-11-01 11:31:50,43.227,-69.3479,113.0,11.0,2.05,9.02,0.08
237,Vessel_21,2018-11-01 17:30:49,42.8895,-68.8139,189.0,20.0,1.825,8.11,0.02
238,Vessel_21,2018-11-06 01:14:38,42.1722,-69.9112,108.0,14.0,2.525,7.73,0.02
239,Vessel_21,2019-03-19 22:12:42,42.8517,-70.1424,99.0,9.0,1.575,4.34,0.0
240,Vessel_21,2019-11-04 04:25:23,42.5719,-67.6661,198.0,6.0,1.6,9.88,0.01
241,Vessel_21,2019-11-05 05:15:06,42.2194,-70.0583,96.0,6.0,1.925,8.39,0.02
242,Vessel_21,2019-12-17 08:27:06,43.1238,-69.6892,99.0,7.0,1.625,8.31,0.04
243,Vessel_21,2019-12-17 13:51:54,43.1112,-69.6457,88.0,1.0,0.6,8.77,0.0
244,Vessel_22,2019-05-13 02:28:00,42.1491,-69.902,168.0,13.0,128.15,6.44,0.37
245,Vessel_22,2019-05-18 22:24:00,42.1482,-69.9127,129.0,3.0,137.567,5.63,0.22
246,Vessel_22,2019-06-06 17:15:00,42.1496,-69.9256,147.0,24.0,449.86699999999996,5.5,0.23
247,Vessel_22,2019-06-22 23:09:00,42.1072,-69.8157,124.0,3.0,286.16700000000003,6.0,0.25
248,Vessel_22,2019-07-01 16:36:00,42.1264,-69.8048,131.0,16.0,75.55,6.32,0.28
249,Vessel_22,2019-07-10 14:25:00,42.0844,-67.3515,61.0,2.0,10.2,7.06,1.08
250,Vessel_22,2019-07-20 12:37:00,42.955,-68.2079,159.0,2.0,13.417,8.16,0.13
251,Vessel_23,2018-12-21 09:18:00,40.5027,-71.6059,77.0,7.0,272.125,12.95,1.14
252,Vessel_23,2019-01-10 18:37:30,40.503,-71.6022,77.0,2.0,488.4,11.33,1.02
253,Vessel_23,2019-01-26 14:24:30,40.366,-71.7218,78.0,6.0,378.925,9.67,1.31
254,Vessel_23,2019-02-11 14:18:30,40.3433,-71.64699999999999,83.0,3.0,382.45,10.61,1.57
255,Vessel_23,2019-03-05 16:37:00,40.3418,-71.65,82.0,8.0,529.7,10.91,1.12
256,Vessel_23,2019-04-05 12:01:00,40.3418,-71.6463,83.0,2.0,738.525,8.61,1.32
257,Vessel_23,2019-05-08 08:31:30,40.3416,-71.6492,83.0,2.0,787.575,6.46,1.01
258,Vessel_24,2018-12-20 18:01:00,42.6817,-70.2962,138.0,22.0,1.2,7.93,0.0
259,Vessel_24,2019-04-17 12:57:00,42.6621,-70.3804,64.0,10.0,2.783,4.2,0.13
260,Vessel_25,2019-03-30 18:27:00,41.0998,-71.6291,31.0,5.0,0.867,5.78,0.09
261,Vessel_25,2019-04-05 19:09:00,41.0844,-71.6278,37.0,6.0,1.25,6.72,0.05
262,Vessel_25,2019-04-23 11:59:00,41.3133,-71.6967,27.0,4.0,1.317,7.64,0.18
263,Vessel_25,2019-05-26 12:43:00,41.3794,-70.2441,13.0,2.0,0.95,13.38,0.08
264,Vessel_25,2019-05-30 13:09:00,41.31399999999999,-71.6859,29.0,2.0,0.033,12.33,0.03
265,Vessel_26,2019-03-09 07:59:00,42.6077,-70.6612,116.0,15.0,1.8330000000000002,6.69,0.15
266,Vessel_26,2019-03-13 21:05:00,42.8604,-70.1447,86.0,8.0,6.267,4.41,0.09
267,Vessel_28,2019-03-30 09:16:00,40.0364,-70.1196,174.0,22.0,38.3,12.7,0.08
268,Vessel_28,2019-04-05 17:59:00,40.0354,-70.1166,174.0,5.0,150.917,12.26,0.35
269,Vessel_28,2019-04-07 15:07:00,40.0357,-70.1158,174.0,20.0,42.733000000000004,12.37,0.23
270,Vessel_28,2019-04-12 18:09:00,40.0371,-70.1185,175.0,26.0,121.35,12.71,0.23
271,Vessel_28,2019-04-25 20:29:00,40.0363,-70.1215,179.0,12.0,172.15,12.74,0.22
272,Vessel_28,2019-05-17 04:34:00,40.0362,-70.1237,176.0,13.0,11.117,12.74,0.04
273,Vessel_28,2019-06-19 12:32:00,42.1034,-67.2253,52.0,7.0,13.433,7.6,1.18
274,Vessel_29,2019-10-25 19:25:00,42.9357,-70.422,56.0,0.0,0.067,13.12,0.35
275,Vessel_3,2019-04-26 00:12:16,41.0924,-71.5879,41.0,0.0,0.025,6.19,0.0
276,Vessel_3,2019-05-07 11:21:54,41.1836,-71.4169,44.0,5.0,1.475,6.49,0.28
277,Vessel_3,2019-05-22 10:18:57,41.1912,-71.5097,41.0,1.0,0.15,8.92,0.14
278,Vessel_3,2019-06-09 11:44:27,41.1811,-71.5168,42.0,5.0,0.575,9.52,0.07
279,Vessel_3,2019-06-19 11:28:31,41.1267,-71.5071,30.0,2.0,0.15,11.96,0.1
280,Vessel_3,2019-06-21 11:16:32,41.2226,-71.5213,44.0,7.0,2.125,11.53,0.46
281,Vessel_3,2019-08-16 12:36:31,40.9981,-71.51899999999999,53.0,1.0,0.1,10.03,0.01
282,Vessel_3,2019-08-26 11:32:01,41.1112,-71.6157,30.0,1.0,0.05,18.27,0.0
283,Vessel_3,2019-09-24 11:05:39,41.1817,-71.5219,42.0,1.0,0.15,15.55,0.13
284,Vessel_3,2019-09-30 17:23:06,41.0307,-71.4853,50.0,5.0,1.6,10.97,0.33
285,Vessel_3,2019-10-01 12:47:46,41.0345,-71.5249,50.0,6.0,1.8,12.1,0.21
286,Vessel_3,2019-10-01 15:03:07,41.0385,-71.5226,49.0,6.0,1.725,12.05,0.1
287,Vessel_3,2019-10-01 17:25:25,41.0347,-71.5301,49.0,7.0,1.725,11.82,0.25
288,Vessel_3,2019-10-08 12:19:04,41.0323,-71.4921,50.0,4.0,1.25,12.75,0.39
289,Vessel_3,2019-10-08 14:25:56,41.0375,-71.4826,50.0,7.0,1.525,12.88,0.27
290,Vessel_3,2019-10-08 17:26:59,41.1933,-71.4147,45.0,7.0,1.35,15.23,0.22
291,Vessel_3,2019-10-13 12:22:37,41.053999999999995,-71.5266,46.0,6.0,1.6,16.38,0.04
292,Vessel_3,2019-10-13 14:29:59,41.0358,-71.4894,50.0,6.0,1.6,16.34,0.05
293,Vessel_3,2019-10-13 17:02:08,41.004,-71.4882,53.0,6.0,1.925,16.37,0.07
294,Vessel_3,2019-10-14 12:03:35,41.1857,-71.4219,44.0,7.0,1.55,16.34,0.02
295,Vessel_3,2019-10-14 14:07:19,41.2012,-71.4185,44.0,5.0,1.35,16.35,0.02
296,Vessel_3,2019-10-14 15:57:39,41.1899,-71.4144,44.0,6.0,0.925,16.34,0.02
297,Vessel_3,2019-10-15 12:08:28,41.187,-71.4219,44.0,6.0,1.425,16.34,0.03
298,Vessel_3,2019-10-15 14:03:43,41.2006,-71.4198,44.0,4.0,1.275,16.32,0.03
299,Vessel_3,2019-10-15 15:56:16,41.1856,-71.4161,46.0,7.0,1.375,16.3,0.02
300,Vessel_3,2019-10-16 12:09:40,41.1838,-71.4159,46.0,7.0,1.35,16.29,0.01
301,Vessel_3,2019-10-16 14:05:06,41.2007,-71.4118,45.0,7.0,1.4,16.29,0.02
302,Vessel_3,2019-10-20 12:10:06,41.1851,-71.4219,44.0,5.0,1.325,16.19,0.05
303,Vessel_3,2019-10-20 14:00:59,41.1985,-71.4115,44.0,7.0,1.225,16.28,0.06
304,Vessel_3,2019-10-20 16:12:28,41.2719,-71.4966,47.0,5.0,1.05,15.87,0.01
305,Vessel_3,2019-10-24 14:29:04,41.038999999999994,-71.4658,49.0,7.0,0.725,15.9,0.01
306,Vessel_3,2019-10-24 16:04:27,41.0319,-71.5309,49.0,5.0,1.0,15.87,0.02
307,Vessel_3,2019-10-24 18:01:58,41.0662,-71.5783,43.0,5.0,0.85,15.73,0.02
308,Vessel_3,2019-10-25 12:15:10,41.0567,-71.5689,45.0,5.0,0.9,15.82,0.02
309,Vessel_3,2019-10-25 14:09:12,41.0676,-71.5691,43.0,6.0,0.825,15.82,0.03
310,Vessel_3,2019-10-25 15:53:32,41.0591,-71.566,44.0,5.0,0.825,15.81,0.02
311,Vessel_3,2019-10-25 17:50:12,41.068000000000005,-71.5647,42.0,6.0,0.7,15.81,0.03
312,Vessel_3,2019-10-26 11:55:42,41.1921,-71.4216,45.0,4.0,1.2,15.85,0.03
313,Vessel_3,2019-10-26 13:40:40,41.2033,-71.4151,44.0,6.0,1.2,15.84,0.03
314,Vessel_3,2019-10-28 12:01:10,41.1909,-71.4163,45.0,5.0,1.125,15.59,0.01
315,Vessel_3,2019-10-28 13:40:43,41.2061,-71.4119,44.0,7.0,1.15,15.59,0.01
316,Vessel_3,2019-10-28 15:30:12,41.1852,-71.4103,46.0,7.0,1.2,15.57,0.01
317,Vessel_3,2019-11-20 13:43:30,41.0545,-71.5077,44.0,1.0,0.1,13.39,0.05
318,Vessel_31,2019-06-07 14:05:00,42.6448,-70.5598,14.0,2.0,93.51700000000001,8.19,0.65
319,Vessel_31,2019-07-15 14:46:00,42.6434,-70.5606,15.0,2.0,71.917,9.26,0.66
320,Vessel_31,2019-08-01 11:58:00,42.644,-70.5593,14.0,2.0,63.6,9.13,0.41
321,Vessel_31,2019-08-13 13:53:01,42.6428,-70.5604,15.0,2.0,72.283,9.77,0.55
322,Vessel_31,2019-08-16 14:18:00,42.6446,-70.5549,24.0,3.0,71.933,8.3,0.39
323,Vessel_31,2019-09-27 11:59:00,42.6383,-70.5684,17.0,0.0,52.45,9.14,0.61
324,Vessel_31,2019-10-01 19:08:00,42.636,-70.5703,15.0,2.0,102.9,10.85,1.76
325,Vessel_31,2019-10-14 11:35:00,42.6557,-70.5429,49.0,5.0,189.933,10.35,2.24
326,Vessel_31,2019-10-16 12:48:00,42.6557,-70.5434,48.0,3.0,48.8,12.07,0.89
327,Vessel_31,2019-10-26 16:00:00,42.6572,-70.543,45.0,7.0,242.583,10.69,1.2
328,Vessel_31,2019-11-03 15:22:00,42.6563,-70.545,46.0,5.0,191.05,9.94,0.77
329,Vessel_31,2019-11-14 17:26:00,42.6596,-70.5208,83.0,9.0,122.53299999999999,9.43,0.77
330,Vessel_31,2019-12-12 20:14:00,42.6358,-70.4727,76.0,7.0,673.7330000000001,9.25,0.56
331,Vessel_31,2019-12-17 17:06:00,42.6349,-70.4769,48.0,4.0,116.53299999999999,8.38,0.23
332,Vessel_31,2019-12-22 16:41:00,42.6344,-70.4754,48.0,3.0,119.083,7.64,0.28
333,Vessel_35,2019-08-08 12:49:00,41.5717,-70.1116,13.0,2.0,1.8330000000000002,22.02,1.3
334,Vessel_35,2019-08-08 15:32:00,41.5697,-70.1753,14.0,1.0,1.367,21.92,0.19
335,Vessel_35,2019-08-08 17:23:00,41.5721,-70.1555,15.0,2.0,0.11699999999999999,22.21,0.15
336,Vessel_35,2019-08-13 15:25:00,41.5607,-70.1605,13.0,2.0,1.5,22.15,0.37
337,Vessel_35,2019-08-13 18:06:00,41.5633,-70.1731,13.0,2.0,0.6,21.96,0.23
338,Vessel_35,2019-08-15 17:01:00,41.5736,-70.1798,14.0,2.0,7.933,22.9,0.56
339,Vessel_35,2019-08-27 14:07:00,41.5589,-70.1835,14.0,2.0,0.6,21.5,0.57
340,Vessel_35,2019-08-27 16:38:00,41.5622,-70.1518,14.0,2.0,1.517,20.3,0.99
341,Vessel_35,2019-08-27 18:47:00,41.5715,-70.1178,13.0,2.0,0.9670000000000001,19.28,0.1
342,Vessel_35,2019-08-28 14:49:00,41.567,-70.1852,13.0,2.0,5.25,20.41,0.83
343,Vessel_35,2019-08-28 16:25:00,41.5516,-70.1957,18.0,3.0,0.85,21.59,0.6
344,Vessel_35,2019-08-28 18:59:00,41.5518,-70.1916,16.0,0.0,0.033,21.58,0.01
345,Vessel_35,2019-08-29 13:36:00,41.5534,-70.2009,14.0,2.0,3.867,21.95,0.43
346,Vessel_35,2019-08-29 15:06:00,41.535,-70.2513,15.0,2.0,0.55,22.84,0.04
347,Vessel_35,2019-08-29 16:40:00,41.5386,-70.2415,17.0,1.0,1.0,22.72,0.04
348,Vessel_35,2019-08-29 18:12:00,41.5263,-70.2793,12.0,2.0,0.95,22.8,0.02
349,Vessel_35,2019-09-19 20:26:00,41.6497,-70.2779,18.0,3.0,98.26700000000001,18.19,1.33
350,Vessel_35,2019-09-24 12:50:00,41.5013,-70.19800000000001,18.0,3.0,0.083,20.16,0.0
351,Vessel_35,2019-09-24 15:00:00,41.4977,-70.1944,16.0,3.0,0.35,20.11,0.01
352,Vessel_35,2019-09-24 17:47:00,41.5118,-70.2386,16.0,3.0,1.317,20.14,0.06
353,Vessel_35,2019-10-14 12:37:00,41.8504,-70.4491,26.0,3.0,0.617,13.77,0.02
354,Vessel_35,2019-10-14 13:44:00,41.8391,-70.4452,26.0,2.0,0.7170000000000001,13.76,0.02
355,Vessel_35,2019-11-16 14:39:00,41.7719,-70.5035,57.0,9.0,7.167000000000001,9.67,0.71
356,Vessel_35,2019-11-20 01:15:00,42.1742,-70.1534,46.0,3.0,0.467,9.78,0.02
357,Vessel_35,2019-11-20 01:57:00,42.1773,-70.1448,46.0,4.0,0.467,9.75,0.01
358,Vessel_35,2019-11-20 02:39:00,42.1742,-70.1545,45.0,2.0,0.45,9.73,0.02
359,Vessel_35,2019-11-20 03:20:00,42.1771,-70.1461,45.0,2.0,0.45,9.71,0.02
360,Vessel_35,2019-11-20 04:00:00,42.1739,-70.1556,45.0,4.0,0.433,9.69,0.03
361,Vessel_35,2019-11-20 04:45:00,42.1765,-70.1483,45.0,2.0,0.483,9.69,0.02
362,Vessel_35,2019-11-20 05:24:00,42.1738,-70.1563,45.0,6.0,0.41700000000000004,9.65,0.01
363,Vessel_35,2019-11-20 06:09:00,42.1762,-70.1486,46.0,5.0,0.5,9.64,0.02
364,Vessel_35,2019-11-20 06:48:00,42.1735,-70.1576,46.0,3.0,0.38299999999999995,9.63,0.01
365,Vessel_35,2019-11-20 07:31:00,42.1768,-70.1472,47.0,2.0,0.467,9.65,0.02
366,Vessel_35,2019-11-20 08:24:00,42.1691,-70.1627,47.0,3.0,0.65,9.67,0.03
367,Vessel_35,2019-11-21 21:50:00,42.1744,-70.1546,47.0,2.0,0.433,9.61,0.01
368,Vessel_35,2019-11-21 22:34:00,42.1772,-70.1491,47.0,2.0,0.517,9.61,0.01
369,Vessel_35,2019-11-21 23:13:00,42.1741,-70.1569,47.0,4.0,0.4,9.61,0.0
370,Vessel_35,2019-11-21 23:52:00,42.177,-70.1491,47.0,2.0,0.4,9.61,0.01
371,Vessel_35,2019-11-22 00:33:00,42.1735,-70.1584,47.0,4.0,0.45,9.61,0.0
372,Vessel_35,2019-11-22 01:16:00,42.1767,-70.1527,46.0,2.0,0.467,9.61,0.01
373,Vessel_35,2019-11-22 02:06:00,42.1729,-70.1606,46.0,2.0,0.433,9.61,0.01
374,Vessel_35,2019-11-22 02:48:00,42.1772,-70.1495,45.0,2.0,0.433,9.6,0.02
375,Vessel_35,2019-11-22 03:27:00,42.1744,-70.158,44.0,3.0,0.41700000000000004,9.6,0.01
376,Vessel_35,2019-11-22 03:57:00,42.1599,-70.1944,45.0,3.0,0.267,9.57,0.01
377,Vessel_35,2019-11-22 04:56:00,42.1736,-70.1583,45.0,4.0,0.733,9.58,0.01
378,Vessel_35,2019-11-22 05:36:00,42.1752,-70.1546,44.0,2.0,0.45,9.61,0.0
379,Vessel_35,2019-11-22 06:19:00,42.1772,-70.148,45.0,3.0,0.467,9.6,0.01
380,Vessel_35,2019-11-22 07:00:00,42.1735,-70.1583,45.0,4.0,0.433,9.6,0.01
381,Vessel_35,2019-11-22 07:43:00,42.1791,-70.1415,45.0,5.0,0.483,9.61,0.02
382,Vessel_35,2019-11-22 08:24:00,42.173,-70.1601,45.0,3.0,0.45,9.63,0.01
383,Vessel_35,2019-11-22 09:11:00,42.1593,-70.2466,52.0,6.0,0.317,9.61,0.02
384,Vessel_35,2019-11-25 19:07:00,42.1749,-70.1547,45.0,2.0,0.617,9.43,0.11
385,Vessel_35,2019-11-25 19:48:00,42.1789,-70.1423,44.0,3.0,0.45,9.5,0.02
386,Vessel_35,2019-11-25 20:32:00,42.1738,-70.1575,44.0,7.0,0.483,9.51,0.01
387,Vessel_35,2019-11-25 21:15:00,42.1785,-70.1435,44.0,2.0,0.483,9.51,0.01
388,Vessel_35,2019-11-25 21:53:00,42.1731,-70.1581,45.0,1.0,0.38299999999999995,9.51,0.0
389,Vessel_35,2019-11-25 22:33:00,42.1771,-70.146,45.0,7.0,0.483,9.5,0.04
390,Vessel_35,2019-11-25 23:10:00,42.1735,-70.1553,46.0,1.0,0.38299999999999995,9.48,0.05
391,Vessel_35,2019-11-25 23:55:00,42.1765,-70.1481,46.0,2.0,0.517,9.42,0.09
392,Vessel_35,2019-11-26 00:34:00,42.1743,-70.1549,46.0,2.0,0.41700000000000004,9.32,0.02
393,Vessel_35,2019-11-26 01:19:00,42.1777,-70.1466,46.0,3.0,0.5,9.34,0.04
394,Vessel_35,2019-11-26 01:56:00,42.1738,-70.1549,48.0,2.0,0.4,9.36,0.03
395,Vessel_35,2019-11-26 02:36:00,42.1771,-70.1463,47.0,3.0,0.45,9.38,0.03
396,Vessel_35,2019-11-26 03:19:00,42.1733,-70.1551,49.0,1.0,0.45,9.4,0.02
397,Vessel_35,2019-11-26 03:59:00,42.1783,-70.1402,48.0,3.0,0.433,9.41,0.03
398,Vessel_35,2019-11-26 04:42:00,42.1741,-70.15100000000001,49.0,4.0,0.5,9.4,0.03
399,Vessel_35,2019-11-26 05:21:00,42.1773,-70.1407,49.0,1.0,0.38299999999999995,9.38,0.02
400,Vessel_35,2019-11-26 06:04:00,42.1749,-70.155,46.0,2.0,0.483,9.36,0.02
401,Vessel_35,2019-11-26 06:44:00,42.1798,-70.1404,46.0,3.0,0.4,9.36,0.02
402,Vessel_35,2019-11-26 07:29:00,42.1753,-70.1548,45.0,4.0,0.517,9.35,0.01
403,Vessel_35,2019-11-26 08:08:00,42.1783,-70.1441,45.0,2.0,0.4,9.35,0.01
404,Vessel_35,2019-11-26 08:52:00,42.1766,-70.1504,44.0,2.0,0.5,9.36,0.05
405,Vessel_35,2019-11-26 09:31:00,42.1781,-70.1463,44.0,2.0,0.433,9.38,0.06
406,Vessel_35,2019-11-26 10:11:00,42.176,-70.1524,44.0,1.0,0.41700000000000004,9.34,0.01
407,Vessel_35,2019-11-26 10:54:00,42.1779,-70.1467,44.0,3.0,0.45,9.35,0.01
408,Vessel_35,2019-11-26 11:36:00,42.1748,-70.1569,44.0,3.0,0.433,9.36,0.01
409,Vessel_35,2019-11-27 00:11:00,42.1701,-70.1666,47.0,3.0,0.433,9.36,0.01
410,Vessel_35,2019-11-27 00:59:00,42.1775,-70.1456,46.0,3.0,0.55,9.36,0.01
411,Vessel_35,2019-11-27 01:40:00,42.1749,-70.1561,45.0,1.0,0.433,9.38,0.0
412,Vessel_35,2019-11-27 02:25:00,42.1791,-70.1457,45.0,6.0,0.5329999999999999,9.4,0.02
413,Vessel_35,2019-11-27 03:07:00,42.1761,-70.1579,44.0,2.0,0.433,9.4,0.02
414,Vessel_35,2019-11-27 03:47:00,42.1782,-70.1468,46.0,3.0,0.467,9.41,0.03
415,Vessel_35,2019-11-27 04:29:00,42.1756,-70.1535,47.0,5.0,0.467,9.42,0.03
416,Vessel_35,2019-11-27 05:09:00,42.1786,-70.1457,46.0,3.0,0.41700000000000004,9.41,0.02
417,Vessel_35,2019-11-27 05:54:00,42.1761,-70.1533,46.0,3.0,0.517,9.4,0.02
418,Vessel_35,2019-11-27 06:35:00,42.1793,-70.1432,46.0,2.0,0.4,9.39,0.0
419,Vessel_35,2019-11-27 07:23:00,42.1755,-70.1543,45.0,2.0,0.517,9.39,0.0
420,Vessel_35,2019-11-27 07:58:00,42.178999999999995,-70.1429,45.0,5.0,0.33299999999999996,9.39,0.0
421,Vessel_35,2019-11-27 08:40:00,42.1753,-70.153,45.0,2.0,0.483,9.39,0.01
422,Vessel_35,2019-11-27 09:44:00,42.1794,-70.1436,44.0,2.0,0.45,9.39,0.01
423,Vessel_35,2019-11-27 10:25:00,42.1739,-70.156,45.0,1.0,0.45,9.39,0.0
424,Vessel_35,2019-11-27 11:11:00,42.1777,-70.1417,46.0,5.0,0.5329999999999999,9.4,0.01
425,Vessel_35,2019-11-27 11:32:00,42.1972,-70.1172,54.0,7.0,0.083,9.4,0.0
426,Vessel_35,2019-11-27 12:16:00,42.2175,-70.1276,58.0,5.0,0.483,9.46,0.03
427,Vessel_35,2019-11-27 12:53:00,42.2119,-70.1198,63.0,6.0,0.38299999999999995,9.46,0.02
428,Vessel_35,2019-11-27 13:39:00,42.1794,-70.1392,48.0,2.0,0.467,9.41,0.02
429,Vessel_35,2019-11-27 14:26:00,42.1821,-70.1371,48.0,7.0,0.5,9.43,0.03
430,Vessel_35,2019-11-27 15:14:00,42.1764,-70.1516,47.0,2.0,0.55,9.44,0.03
431,Vessel_35,2019-12-01 10:51:00,42.1748,-70.1543,46.0,3.0,0.45,9.0,0.04
432,Vessel_35,2019-12-01 11:32:00,42.1787,-70.1427,46.0,3.0,0.467,8.94,0.07
433,Vessel_35,2019-12-01 12:19:00,42.1754,-70.1512,46.0,2.0,0.5,8.94,0.03
434,Vessel_35,2019-12-01 13:02:00,42.178000000000004,-70.1422,46.0,3.0,0.4,8.93,0.05
435,Vessel_35,2019-12-01 13:47:00,42.1735,-70.1552,46.0,7.0,0.45,8.94,0.01
436,Vessel_35,2019-12-01 14:31:00,42.1767,-70.1442,47.0,2.0,0.467,8.94,0.05
437,Vessel_35,2019-12-01 15:16:00,42.1728,-70.1565,47.0,5.0,0.41700000000000004,8.96,0.02
438,Vessel_35,2019-12-01 16:04:00,42.1765,-70.1441,48.0,2.0,0.517,8.98,0.07
439,Vessel_35,2019-12-01 16:51:00,42.1729,-70.1575,47.0,2.0,0.4,8.99,0.05
440,Vessel_35,2019-12-01 21:23:00,42.1128,-70.2226,47.0,5.0,4.2669999999999995,9.18,0.19
441,Vessel_35,2019-12-16 19:17:00,42.1769,-70.1543,45.0,3.0,0.5,7.84,0.04
442,Vessel_35,2019-12-16 19:59:00,42.1796,-70.1467,45.0,4.0,0.45,7.82,0.05
443,Vessel_35,2019-12-16 20:49:00,42.1775,-70.1527,45.0,3.0,0.55,7.8,0.04
444,Vessel_35,2019-12-16 21:28:00,42.1794,-70.1469,45.0,4.0,0.41700000000000004,7.75,0.03
445,Vessel_35,2019-12-16 22:19:00,42.1769,-70.152,45.0,2.0,0.583,7.72,0.04
446,Vessel_35,2019-12-16 22:58:00,42.178999999999995,-70.1476,44.0,4.0,0.4,7.66,0.04
447,Vessel_35,2019-12-16 23:44:00,42.1772,-70.1528,43.0,2.0,0.517,7.63,0.03
448,Vessel_35,2019-12-17 00:25:00,42.1801,-70.1447,43.0,5.0,0.433,7.56,0.03
449,Vessel_35,2019-12-17 01:11:00,42.1775,-70.1524,42.0,3.0,0.5,7.55,0.02
450,Vessel_35,2019-12-17 01:57:00,42.178999999999995,-70.148,43.0,5.0,0.483,7.53,0.05
451,Vessel_35,2019-12-17 02:39:00,42.1766,-70.1553,42.0,4.0,0.45,7.57,0.06
452,Vessel_35,2019-12-17 03:26:00,42.1819,-70.1403,43.0,4.0,0.5329999999999999,7.59,0.08
453,Vessel_35,2019-12-17 04:06:00,42.1763,-70.1567,43.0,2.0,0.41700000000000004,7.63,0.01
454,Vessel_35,2019-12-17 04:51:00,42.1772,-70.1487,45.0,6.0,0.5,7.66,0.05
455,Vessel_35,2019-12-17 05:30:00,42.1763,-70.1565,43.0,3.0,0.38299999999999995,7.7,0.03
456,Vessel_35,2019-12-17 06:17:00,42.1782,-70.1484,45.0,4.0,0.517,7.79,0.14
457,Vessel_35,2019-12-17 06:58:00,42.1764,-70.1564,44.0,4.0,0.433,7.87,0.12
458,Vessel_35,2019-12-17 07:42:00,42.1798,-70.1471,45.0,4.0,0.467,7.89,0.14
459,Vessel_35,2019-12-17 11:22:00,42.1847,-70.1294,48.0,7.0,3.367,7.98,0.15
460,Vessel_35,2019-12-17 12:01:00,42.1807,-70.1443,44.0,5.0,0.38299999999999995,7.65,0.04
461,Vessel_35,2019-12-17 12:49:00,42.1766,-70.1569,42.0,3.0,0.517,7.61,0.05
462,Vessel_35,2019-12-17 13:34:00,42.181000000000004,-70.1447,43.0,5.0,0.483,7.58,0.05
463,Vessel_35,2019-12-17 14:15:00,42.1759,-70.1606,42.0,2.0,0.41700000000000004,7.58,0.03
464,Vessel_35,2019-12-17 15:02:00,42.1871,-70.13,46.0,7.0,0.217,7.68,0.02
465,Vessel_35,2019-12-17 15:50:00,42.1856,-70.1354,43.0,1.0,0.067,7.66,0.01
466,Vessel_35,2019-12-21 14:19:00,42.1765,-70.1567,44.0,2.0,0.5,7.66,0.04
467,Vessel_35,2019-12-21 15:00:00,42.181000000000004,-70.1433,44.0,4.0,0.433,7.62,0.02
468,Vessel_35,2019-12-21 15:45:00,42.1777,-70.1534,43.0,2.0,0.5329999999999999,7.62,0.02
469,Vessel_35,2019-12-21 16:24:00,42.1807,-70.1477,43.0,4.0,0.4,7.59,0.01
470,Vessel_35,2019-12-21 17:07:00,42.1776,-70.1557,42.0,3.0,0.483,7.6,0.01
471,Vessel_35,2019-12-21 17:49:00,42.1812,-70.145,43.0,5.0,0.433,7.6,0.03
472,Vessel_35,2019-12-21 18:33:00,42.1777,-70.1556,42.0,3.0,0.483,7.6,0.01
473,Vessel_35,2019-12-21 19:17:00,42.181000000000004,-70.1465,42.0,4.0,0.45,7.6,0.03
474,Vessel_35,2019-12-21 19:58:00,42.1768,-70.1621,41.0,3.0,0.45,7.61,0.01
475,Vessel_35,2019-12-21 20:44:00,42.1807,-70.1464,43.0,6.0,0.5,7.61,0.03
476,Vessel_35,2019-12-21 21:26:00,42.176,-70.1607,43.0,3.0,0.41700000000000004,7.63,0.01
477,Vessel_35,2019-12-21 22:11:00,42.1809,-70.1473,44.0,5.0,0.5,7.63,0.03
478,Vessel_35,2019-12-21 22:49:00,42.1781,-70.1554,44.0,4.0,0.433,7.66,0.02
479,Vessel_35,2019-12-21 23:31:00,42.1805,-70.1487,45.0,5.0,0.45,7.67,0.04
480,Vessel_35,2019-12-22 00:14:00,42.1747,-70.1649,44.0,2.0,0.467,7.69,0.03
481,Vessel_35,2019-12-22 00:55:00,42.1801,-70.1483,45.0,5.0,0.433,7.68,0.04
482,Vessel_35,2019-12-22 01:39:00,42.1775,-70.1553,44.0,2.0,0.483,7.68,0.03
483,Vessel_35,2019-12-22 02:21:00,42.1801,-70.1474,45.0,5.0,0.45,7.64,0.04
484,Vessel_35,2019-12-22 03:09:00,42.1787,-70.1531,43.0,4.0,0.5670000000000001,7.64,0.02
485,Vessel_35,2019-12-22 03:51:00,42.181000000000004,-70.1461,44.0,5.0,0.433,7.6,0.06
486,Vessel_35,2019-12-22 04:40:00,42.1786,-70.1522,42.0,4.0,0.5329999999999999,7.55,0.07
487,Vessel_35,2019-12-30 00:50:00,42.1741,-70.156,45.0,6.0,0.5,6.89,0.11
488,Vessel_35,2019-12-30 01:32:00,42.178000000000004,-70.142,46.0,3.0,0.45,6.9,0.12
489,Vessel_35,2019-12-30 02:16:00,42.1755,-70.1583,43.0,3.0,0.483,6.96,0.08
490,Vessel_35,2019-12-30 03:01:00,42.1813,-70.1468,43.0,6.0,0.5,6.99,0.13
491,Vessel_35,2019-12-30 03:40:00,42.1776,-70.1573,42.0,2.0,0.41700000000000004,7.1,0.08
492,Vessel_35,2019-12-30 04:28:00,42.1804,-70.1485,44.0,6.0,0.517,7.17,0.13
493,Vessel_35,2019-12-30 05:09:00,42.177,-70.1579,43.0,3.0,0.433,7.28,0.07
494,Vessel_35,2019-12-30 05:54:00,42.1816,-70.1468,44.0,6.0,0.483,7.35,0.11
495,Vessel_35,2019-12-30 06:33:00,42.1768,-70.1595,44.0,1.0,0.41700000000000004,7.42,0.06
496,Vessel_35,2019-12-30 07:14:00,42.1821,-70.1452,44.0,5.0,0.433,7.44,0.08
497,Vessel_35,2019-12-30 07:53:00,42.1781,-70.1562,43.0,4.0,0.433,7.45,0.07
498,Vessel_35,2019-12-30 08:33:00,42.1812,-70.1483,44.0,5.0,0.41700000000000004,7.42,0.07
499,Vessel_35,2019-12-30 09:15:00,42.1781,-70.1553,43.0,2.0,0.467,7.4,0.09
500,Vessel_35,2019-12-30 09:56:00,42.1815,-70.1473,44.0,5.0,0.433,7.34,0.09
501,Vessel_35,2019-12-30 10:40:00,42.1781,-70.1534,43.0,2.0,0.5,7.3,0.12
502,Vessel_35,2020-01-02 16:47:00,42.2879,-70.3246,53.0,3.0,0.6,6.93,0.01
503,Vessel_35,2020-01-02 17:38:00,42.2799,-70.3241,53.0,2.0,0.55,6.92,0.01
504,Vessel_35,2020-01-02 18:26:00,42.2873,-70.3247,53.0,4.0,0.5329999999999999,6.9,0.01
505,Vessel_35,2020-01-02 19:15:00,42.2814,-70.324,54.0,2.0,0.5670000000000001,6.88,0.01
506,Vessel_35,2020-01-02 20:10:00,42.2916,-70.3255,54.0,4.0,0.517,6.85,0.01
507,Vessel_35,2020-01-02 21:01:00,42.2791,-70.3245,54.0,1.0,0.6,6.84,0.01
508,Vessel_35,2020-01-02 21:44:00,42.2872,-70.3243,54.0,6.0,0.5,6.83,0.01
509,Vessel_35,2020-01-02 22:36:00,42.2789,-70.3239,54.0,3.0,0.55,6.83,0.01
510,Vessel_35,2020-01-02 23:21:00,42.2901,-70.3245,53.0,4.0,0.467,6.83,0.01
511,Vessel_35,2020-01-03 00:11:00,42.2687,-70.3245,53.0,2.0,0.5670000000000001,6.85,0.01
512,Vessel_35,2020-01-04 18:00:00,41.956,-69.8686,64.0,3.0,0.483,7.45,0.07
513,Vessel_35,2020-01-04 18:41:00,41.9604,-69.8764,61.0,5.0,0.433,7.26,0.05
514,Vessel_35,2020-01-04 19:51:00,42.0439,-69.9365,72.0,3.0,0.433,7.8,0.02
515,Vessel_35,2020-01-04 21:44:00,42.1882,-70.0482,108.0,15.0,0.55,8.08,0.03
516,Vessel_35,2020-01-04 22:34:00,42.1647,-70.0237,115.0,10.0,0.517,8.1,0.01
517,Vessel_35,2020-01-04 23:28:00,42.1697,-70.0669,76.0,7.0,0.483,7.79,0.02
518,Vessel_35,2020-01-05 00:25:00,42.1744,-70.1542,47.0,4.0,0.45,7.15,0.05
519,Vessel_35,2020-01-05 01:00:00,42.1893,-70.1862,40.0,4.0,0.317,7.0,0.01
520,Vessel_35,2020-01-05 01:36:00,42.1812,-70.1925,39.0,2.0,0.35,6.97,0.01
521,Vessel_35,2020-01-05 02:05:00,42.1842,-70.1978,38.0,4.0,0.25,6.88,0.01
522,Vessel_35,2020-01-05 02:46:00,42.2146,-70.1884,40.0,3.0,0.433,6.93,0.02
523,Vessel_35,2020-01-05 03:38:00,42.208,-70.1524,44.0,6.0,0.517,6.97,0.01
524,Vessel_35,2020-01-05 04:18:00,42.2026,-70.1714,40.0,3.0,0.467,6.92,0.07
525,Vessel_35,2020-01-05 05:02:00,42.1882,-70.1718,40.0,4.0,0.483,6.78,0.02
526,Vessel_36,2019-08-22 12:58:00,42.0882,-70.4664,51.0,8.0,2.867,6.83,0.11
527,Vessel_36,2019-08-28 13:10:00,42.1169,-70.4383,51.0,8.0,2.483,7.08,0.27
528,Vessel_36,2019-09-02 13:35:00,41.815,-70.2977,22.0,2.0,1.3330000000000002,10.11,0.08
529,Vessel_36,2019-09-02 15:38:00,41.8158,-70.2844,23.0,2.0,1.433,10.08,0.17
530,Vessel_36,2019-09-08 12:09:00,41.8188,-70.2821,24.0,2.0,1.367,12.4,0.59
531,Vessel_36,2019-09-08 14:09:00,41.8181,-70.3008,25.0,1.0,1.5,12.9,0.54
532,Vessel_36,2019-09-08 16:13:00,41.8247,-70.2954,25.0,2.0,1.433,13.29,0.47
533,Vessel_36,2019-09-10 00:09:00,41.7714,-70.5036,25.0,4.0,7.332999999999999,14.03,0.46
534,Vessel_36,2019-09-11 13:51:00,41.8511,-70.3058,28.0,1.0,1.367,10.6,0.27
535,Vessel_36,2019-09-11 15:52:00,41.823,-70.2827,25.0,1.0,1.2670000000000001,12.86,0.28
536,Vessel_36,2019-09-11 17:53:00,41.8144,-70.2918,24.0,2.0,1.367,13.95,0.13
537,Vessel_36,2019-10-14 13:41:00,41.8367,-70.4523,25.0,2.0,0.65,13.74,0.02
538,Vessel_36,2019-10-14 16:20:00,41.8433,-70.4538,27.0,2.0,0.467,13.74,0.02
539,Vessel_36,2019-10-14 17:18:00,41.8356,-70.4517,27.0,1.0,0.467,13.74,0.02
540,Vessel_36,2019-10-15 13:18:00,41.8134,-70.2952,23.0,2.0,1.367,13.99,0.19
541,Vessel_36,2019-10-16 12:12:00,41.8099,-70.2962,22.0,2.0,1.4169999999999998,13.86,0.2
542,Vessel_36,2019-10-20 12:14:00,41.8216,-70.2835,24.0,3.0,1.7169999999999999,13.46,0.05
543,Vessel_36,2019-10-20 14:28:00,41.8138,-70.2903,22.0,2.0,1.75,13.52,0.04
544,Vessel_36,2019-10-20 15:37:00,41.7966,-70.3196,21.0,2.0,0.633,13.56,0.02
545,Vessel_36,2019-11-04 21:04:00,41.7715,-70.5035,25.0,4.0,339.717,13.16,0.16
546,Vessel_36,2019-11-05 13:45:00,41.8279,-70.2877,23.0,4.0,2.083,12.89,0.02
547,Vessel_36,2019-11-07 18:49:00,41.7547,-70.3922,15.0,1.0,0.267,12.66,0.03
548,Vessel_36,2019-11-11 10:43:00,41.7604,-70.391,11.0,1.0,0.11699999999999999,11.45,0.03
549,Vessel_36,2019-11-11 14:43:00,41.7489,-70.4057,10.0,1.0,0.067,11.32,0.01
550,Vessel_5,2019-04-02 17:55:39,42.6953,-70.3383,86.0,10.0,0.25,4.34,0.05
551,Vessel_5,2019-04-11 15:33:25,42.6182,-70.4768,95.0,13.0,1.0,4.05,0.03
552,Vessel_5,2019-04-17 11:34:53,42.8237,-70.3562,74.0,1.0,0.025,4.01,0.0
553,Vessel_5,2019-04-25 10:43:20,42.762,-70.2512,107.0,13.0,0.25,4.76,0.05
554,Vessel_5,2019-04-29 09:51:42,42.8422,-70.3865,69.0,4.0,0.075,4.2,0.0
555,Vessel_5,2019-05-03 11:50:50,42.4316,-70.4356,64.0,6.0,0.6,4.23,0.02
556,Vessel_5,2019-05-03 15:41:31,42.4687,-70.4625,97.0,4.0,0.275,4.44,0.06
557,Vessel_5,2019-05-04 16:39:31,42.44,-70.4466,81.0,12.0,0.075,4.3,0.0
558,Vessel_5,2019-05-08 10:29:43,42.4769,-70.4566,121.0,18.0,0.45,4.58,0.08
559,Vessel_5,2019-05-11 16:29:36,42.4527,-70.4402,99.0,16.0,3.425,4.48,0.02
560,Vessel_5,2019-05-17 15:48:41,42.4863,-70.3796,130.0,20.0,1.2,4.54,0.03
561,Vessel_5,2019-06-01 13:01:54,42.7845,-70.6452,71.0,11.0,3.45,4.76,0.05
562,Vessel_5,2019-06-01 16:30:17,42.7871,-70.6497,70.0,10.0,2.95,4.83,0.08
563,Vessel_5,2019-06-03 09:11:22,42.7778,-70.6524,66.0,7.0,3.525,5.14,0.06
564,Vessel_5,2019-06-03 16:07:48,42.7784,-70.6487,70.0,11.0,2.1,5.05,0.13
565,Vessel_5,2019-06-05 16:31:38,42.8066,-70.6543,71.0,11.0,2.725,4.99,0.1
566,Vessel_5,2019-06-07 07:45:03,42.7862,-70.5598,97.0,15.0,1.525,4.53,0.02
567,Vessel_5,2019-06-07 12:34:49,42.7811,-70.5728,93.0,7.0,2.3,4.51,0.02
568,Vessel_5,2019-06-12 09:35:20,42.8182,-70.6635,68.0,11.0,3.6,5.05,0.09
569,Vessel_5,2019-06-15 17:12:03,42.8116,-70.6529,72.0,12.0,3.775,5.2,0.03
570,Vessel_5,2019-06-17 13:34:15,42.8051,-70.6578,67.0,11.0,3.125,5.32,0.03
571,Vessel_5,2019-06-17 16:32:49,42.818999999999996,-70.6462,75.0,12.0,2.35,5.24,0.05
572,Vessel_5,2019-06-18 08:00:41,42.8449,-70.539,104.0,15.0,1.475,4.62,0.04
573,Vessel_5,2019-06-18 12:23:54,42.8187,-70.55199999999999,108.0,16.0,2.075,4.58,0.03
574,Vessel_5,2019-07-03 08:38:25,42.7501,-70.3674,72.0,6.0,0.1,5.34,0.11
575,Vessel_5,2019-07-03 10:10:23,42.7663,-70.2706,64.0,10.0,0.825,6.16,0.08
576,Vessel_5,2019-07-06 15:19:26,42.8206,-70.3575,111.0,13.0,1.15,4.78,0.08
577,Vessel_5,2019-07-08 09:52:19,42.7601,-70.2748,78.0,5.0,0.05,6.04,0.0
578,Vessel_5,2019-07-08 11:30:57,42.7635,-70.282,58.0,5.0,1.125,6.12,0.03
579,Vessel_5,2019-07-11 11:21:31,42.7579,-70.2893,60.0,5.0,0.525,6.33,0.04
580,Vessel_5,2019-07-15 14:36:23,42.6735,-70.2946,142.0,20.0,2.575,5.83,0.02
581,Vessel_5,2019-07-16 09:51:14,42.8527,-70.3908,80.0,0.0,0.025,5.35,0.0
582,Vessel_5,2019-07-16 11:49:48,42.8809,-70.419,143.0,17.0,1.25,4.92,0.03
583,Vessel_5,2019-07-17 10:26:46,42.8758,-70.3965,145.0,23.0,2.525,4.95,0.02
584,Vessel_5,2019-07-19 09:27:15,42.8413,-70.3853,95.0,7.0,0.025,5.73,0.0
585,Vessel_5,2019-07-19 15:12:56,42.8193,-70.3558,118.0,19.0,0.375,5.14,0.33
586,Vessel_5,2019-07-22 10:14:31,42.7608,-70.2735,68.0,9.0,0.35,6.49,0.04
587,Vessel_5,2019-07-24 10:11:15,42.7282,-70.289,74.0,10.0,0.25,6.39,0.01
588,Vessel_5,2019-07-24 11:59:30,42.7831,-70.3352,57.0,5.0,0.825,6.13,0.18
589,Vessel_5,2019-07-24 13:59:57,42.8633,-70.4033,92.0,3.0,0.15,5.43,0.05
590,Vessel_5,2019-07-25 10:18:18,42.7602,-70.282,59.0,9.0,2.25,6.5,0.11
591,Vessel_5,2019-07-29 10:11:58,42.8264,-70.6229,80.0,8.0,0.55,5.83,0.06
592,Vessel_5,2019-07-29 13:59:26,42.7918,-70.6114,85.0,14.0,2.3,5.67,0.13
593,Vessel_5,2019-07-30 09:26:28,42.7604,-70.2818,60.0,10.0,1.7,6.86,0.07
594,Vessel_5,2019-07-30 10:26:23,42.7683,-70.281,57.0,6.0,0.55,6.89,0.08
595,Vessel_5,2019-07-30 14:49:40,42.8782,-70.4427,116.0,18.0,0.95,5.59,0.06
596,Vessel_5,2019-08-06 10:04:55,42.7708,-70.3703,72.0,6.0,2.625,6.23,0.11
597,Vessel_5,2019-08-07 09:06:58,42.7487,-70.3683,75.0,7.0,0.075,5.93,0.09
598,Vessel_5,2019-08-11 09:26:41,42.7618,-70.2801,57.0,9.0,1.55,7.15,0.06
599,Vessel_5,2019-09-01 10:02:48,42.762,-70.2802,58.0,9.0,1.775,8.14,0.06
600,Vessel_5,2019-09-01 15:04:49,42.8183,-70.3503,113.0,8.0,0.425,5.73,0.1
601,Vessel_5,2019-09-03 10:27:12,42.7609,-70.2825,59.0,6.0,2.0,7.91,0.1
602,Vessel_5,2019-09-03 13:19:31,42.7984,-70.3424,58.0,9.0,1.775,6.48,0.39
603,Vessel_5,2019-09-03 15:28:42,42.8175,-70.352,110.0,14.0,1.0,5.79,0.07
604,Vessel_5,2019-09-04 13:45:43,42.8535,-70.3898,79.0,10.0,0.025,6.62,0.0
605,Vessel_5,2019-09-05 09:56:37,42.7612,-70.28,60.0,10.0,1.925,7.73,0.11
606,Vessel_5,2019-09-05 12:57:17,42.8104,-70.355,61.0,10.0,1.9,7.48,0.47
607,Vessel_5,2019-09-05 15:10:25,42.8265,-70.3657,121.0,12.0,0.225,5.89,0.07
608,Vessel_5,2019-09-09 09:31:23,42.7591,-70.2827,60.0,10.0,1.75,7.8,0.17
609,Vessel_5,2019-09-09 12:42:39,42.852,-70.3902,78.0,5.0,0.075,7.79,0.04
610,Vessel_5,2019-09-09 15:16:39,42.8291,-70.3709,125.0,20.0,0.425,5.91,0.05
611,Vessel_5,2019-09-10 11:19:30,42.8359,-70.3814,126.0,20.0,3.575,5.89,0.03
612,Vessel_5,2019-09-10 15:05:24,42.7997,-70.3318,128.0,20.0,0.525,5.89,0.04
613,Vessel_5,2019-09-27 10:33:01,42.7628,-70.2719,72.0,11.0,0.725,8.03,0.18
614,Vessel_5,2019-09-27 13:48:34,42.7097,-70.3187,73.0,12.0,1.875,8.07,0.13
615,Vessel_5,2019-10-01 11:07:54,42.7995,-70.3801,78.0,7.0,3.225,6.74,0.2
616,Vessel_5,2019-10-05 19:29:03,42.854,-70.3895,81.0,3.0,0.025,6.73,0.0
617,Vessel_5,2019-10-14 09:47:08,42.7638,-70.2704,69.0,7.0,0.225,8.05,0.0
618,Vessel_5,2019-10-21 09:46:45,42.7634,-70.2693,76.0,4.0,0.125,9.11,0.02
619,Vessel_5,2019-10-24 13:52:26,42.8458,-70.3892,99.0,0.0,0.075,7.41,0.0
620,Vessel_5,2019-10-25 15:20:49,42.8337,-70.3735,75.0,1.0,0.025,8.78,0.0
621,Vessel_5,2019-12-17 11:51:00,42.7635,-70.2699,72.0,9.0,0.05,8.48,0.0
622,Vessel_5,2020-01-03 13:37:00,42.7595,-70.2897,76.0,9.0,0.1,7.77,0.01
623,Vessel_8,2018-11-12 13:51:30,42.2901,-70.3135,40.0,6.0,0.8,10.47,0.04
624,Vessel_8,2019-06-12 18:17:00,41.3808,-70.1429,13.0,1.0,0.4,16.03,0.11
625,Vessel_8,2019-06-13 10:42:30,41.4934,-70.2346,16.0,3.0,1.025,16.86,0.06
626,Vessel_8,2019-06-20 08:10:00,41.6506,-70.27600000000001,14.0,2.0,3.025,17.23,0.71
627,Vessel_8,2019-07-01 14:22:30,41.5025,-70.1962,18.0,2.0,0.1,19.93,0.01
628,Vessel_8,2019-07-01 15:27:30,41.4891,-70.217,15.0,1.0,0.55,20.04,0.11
629,Vessel_8,2019-07-03 15:47:30,41.5016,-70.1984,17.0,3.0,0.075,20.14,0.02
630,Vessel_8,2019-07-08 13:31:30,41.4998,-70.1826,18.0,1.0,0.05,19.3,0.03
631,Vessel_8,2019-07-10 11:28:00,41.4948,-70.1953,17.0,2.0,0.275,21.56,0.07
632,Vessel_8,2019-07-10 15:13:30,41.5749,-70.1651,16.0,1.0,0.05,19.16,0.02
633,Vessel_8,2019-07-15 15:21:31,41.5141,-70.1504,13.0,2.0,1.475,22.03,0.31
634,Vessel_8,2019-07-22 11:10:30,41.5681,-70.1574,15.0,2.0,0.2,20.12,0.03
635,Vessel_8,2019-07-23 11:08:00,41.5697,-70.118,13.0,1.0,0.975,20.39,0.32
636,Vessel_8,2019-07-23 15:06:30,41.5823,-70.1231,16.0,1.0,0.125,19.94,0.05
637,Vessel_8,2019-07-31 12:30:30,41.4087,-70.2415,24.0,1.0,0.2,23.11,0.04
638,Vessel_8,2019-08-01 13:28:30,41.4117,-70.2289,23.0,2.0,0.15,23.25,0.03
639,Vessel_8,2019-10-15 12:51:00,42.2961,-70.572,61.0,10.0,1.525,10.81,1.35
640,Vessel_8,2019-11-04 16:30:00,42.3646,-70.3633,57.0,7.0,0.05,10.69,0.12
641,Vessel_8,2019-11-11 14:32:30,42.2424,-70.3198,48.0,5.0,0.25,11.1,0.05
642,Vessel_8,2019-12-21 15:37:30,42.4299,-70.3848,57.0,9.0,1.775,7.86,0.06
